Model,MSO2024
Firmware Version,1.52

Point Format,Y,
Horizontal Units,S,
Horizontal Scale,4,
Sample Interval,0.00768049,
Filter Frequency,2e+08,
Record Length,3493,
Gating,0.0% to 100.0%,
Probe Attenuation,1,
Vertical Units,V,
Vertical Offset,0,
Vertical Scale,0.05,
Label,,
TIME,CH1,CH1 Peak Detect
-2.0000e+01,-0.003,0.005
-1.9992e+01,-0.005,-0.013
-1.9985e+01,-0.007,0.009
-1.9977e+01,-0.003,-0.019
-1.9969e+01,-0.005,0.005
-1.9962e+01,-0.005,-0.013
-1.9954e+01,-0.003,0.007
-1.9946e+01,-0.003,-0.015
-1.9939e+01,-0.003,0.005
-1.9931e+01,-0.003,-0.015
-1.9923e+01,-0.003,0.005
-1.9916e+01,-0.005,-0.015
-1.9908e+01,-0.005,0.001
-1.9900e+01,-0.003,-0.011
-1.9892e+01,-0.003,0.003
-1.9885e+01,-0.003,-0.013
-1.9877e+01,-0.005,0.005
-1.9869e+01,-0.003,-0.015
-1.9862e+01,-0.003,0.007
-1.9854e+01,-0.003,-0.017
-1.9846e+01,-0.005,0.009
-1.9839e+01,-0.003,-0.019
-1.9831e+01,-0.003,0.005
-1.9823e+01,-0.005,-0.013
-1.9816e+01,-0.003,0.005
-1.9808e+01,-0.003,-0.011
-1.9800e+01,-0.005,0.005
-1.9793e+01,-0.003,-0.013
-1.9785e+01,-0.003,0.007
-1.9777e+01,-0.003,-0.015
-1.9770e+01,-0.005,0.005
-1.9762e+01,-0.005,-0.013
-1.9754e+01,-0.005,0.005
-1.9747e+01,-0.005,-0.015
-1.9739e+01,-0.001,0.007
-1.9731e+01,-0.003,-0.017
-1.9724e+01,-0.003,0.009
-1.9716e+01,-0.003,-0.019
-1.9708e+01,-0.003,0.001
-1.9700e+01,-0.003,-0.011
-1.9693e+01,-0.005,0.009
-1.9685e+01,-0.007,-0.019
-1.9677e+01,-0.003,0.007
-1.9670e+01,-0.003,-0.015
-1.9662e+01,-0.003,0.011
-1.9654e+01,-0.003,-0.019
-1.9647e+01,-0.003,0.009
-1.9639e+01,-0.003,-0.017
-1.9631e+01,-0.003,0.009
-1.9624e+01,-0.003,-0.017
-1.9616e+01,-0.003,0.003
-1.9608e+01,-0.003,-0.011
-1.9601e+01,-0.003,0.003
-1.9593e+01,-0.003,-0.011
-1.9585e+01,-0.005,0.007
-1.9578e+01,-0.003,-0.015
-1.9570e+01,-0.003,0.005
-1.9562e+01,-0.003,-0.013
-1.9555e+01,-0.005,0.009
-1.9547e+01,-0.005,-0.017
-1.9539e+01,-0.005,0.005
-1.9531e+01,-0.003,-0.015
-1.9524e+01,-0.003,0.001
-1.9516e+01,-0.005,-0.011
-1.9508e+01,-0.005,0.003
-1.9501e+01,-0.003,-0.011
-1.9493e+01,-0.005,0.005
-1.9485e+01,-0.003,-0.013
-1.9478e+01,-0.005,0.011
-1.9470e+01,-0.005,-0.019
-1.9462e+01,-0.003,0.011
-1.9455e+01,-0.005,-0.017
-1.9447e+01,-0.003,0.009
-1.9439e+01,-0.003,-0.015
-1.9432e+01,-0.003,0.011
-1.9424e+01,-0.003,-0.019
-1.9416e+01,-0.003,0.007
-1.9409e+01,-0.003,-0.015
-1.9401e+01,-0.003,0.007
-1.9393e+01,-0.005,-0.015
-1.9386e+01,-0.005,0.005
-1.9378e+01,-0.003,-0.013
-1.9370e+01,-0.005,0.005
-1.9363e+01,-0.003,-0.015
-1.9355e+01,-0.003,0.007
-1.9347e+01,-0.003,-0.015
-1.9339e+01,-0.005,0.005
-1.9332e+01,-0.003,-0.013
-1.9324e+01,-0.003,0.001
-1.9316e+01,-0.003,-0.011
-1.9309e+01,-0.003,0.003
-1.9301e+01,-0.003,-0.013
-1.9293e+01,-0.003,0.009
-1.9286e+01,-0.005,-0.019
-1.9278e+01,-0.005,0.007
-1.9270e+01,-0.003,-0.015
-1.9263e+01,-0.005,0.009
-1.9255e+01,-0.003,-0.017
-1.9247e+01,-0.003,0.007
-1.9240e+01,-0.003,-0.015
-1.9232e+01,-0.005,0.007
-1.9224e+01,-0.003,-0.015
-1.9217e+01,-0.003,0.003
-1.9209e+01,-0.003,-0.013
-1.9201e+01,-0.005,0.011
-1.9194e+01,-0.003,-0.019
-1.9186e+01,-0.005,0.005
-1.9178e+01,-0.003,-0.015
-1.9171e+01,-0.003,0.005
-1.9163e+01,-0.003,-0.013
-1.9155e+01,-0.003,0.009
-1.9147e+01,-0.003,-0.019
-1.9140e+01,-0.007,0.011
-1.9132e+01,-0.003,-0.017
-1.9124e+01,-0.003,0.001
-1.9117e+01,-0.003,-0.011
-1.9109e+01,-0.003,0.009
-1.9101e+01,-0.001,-0.019
-1.9094e+01,-0.003,0.007
-1.9086e+01,-0.003,-0.017
-1.9078e+01,-0.003,0.011
-1.9071e+01,-0.005,-0.021
-1.9063e+01,-0.003,0.007
-1.9055e+01,-0.005,-0.017
-1.9048e+01,-0.005,0.007
-1.9040e+01,-0.005,-0.017
-1.9032e+01,-0.003,0.003
-1.9025e+01,-0.003,-0.013
-1.9017e+01,-0.005,0.007
-1.9009e+01,-0.003,-0.017
-1.9002e+01,-0.005,0.007
-1.8994e+01,-0.003,-0.015
-1.8986e+01,-0.005,0.003
-1.8978e+01,-0.005,-0.015
-1.8971e+01,-0.003,0.003
-1.8963e+01,-0.005,-0.015
-1.8955e+01,-0.003,0.007
-1.8948e+01,-0.003,-0.017
-1.8940e+01,-0.003,0.005
-1.8932e+01,-0.003,-0.015
-1.8925e+01,-0.005,0.001
-1.8917e+01,-0.005,-0.011
-1.8909e+01,-0.005,0.007
-1.8902e+01,-0.003,-0.015
-1.8894e+01,-0.005,0.005
-1.8886e+01,-0.003,-0.015
-1.8879e+01,-0.005,0.005
-1.8871e+01,-0.003,-0.013
-1.8863e+01,-0.003,0.009
-1.8856e+01,-0.003,-0.021
-1.8848e+01,-0.003,0.007
-1.8840e+01,-0.003,-0.015
-1.8833e+01,-0.005,0.007
-1.8825e+01,-0.003,-0.015
-1.8817e+01,-0.003,0.005
-1.8810e+01,-0.003,-0.015
-1.8802e+01,-0.003,0.005
-1.8794e+01,-0.003,-0.017
-1.8786e+01,-0.005,0.009
-1.8779e+01,-0.005,-0.017
-1.8771e+01,-0.005,0.011
-1.8763e+01,-0.005,-0.019
-1.8756e+01,-0.003,0.009
-1.8748e+01,-0.005,-0.015
-1.8740e+01,-0.003,0.005
-1.8733e+01,-0.003,-0.015
-1.8725e+01,-0.005,0.007
-1.8717e+01,-0.005,-0.015
-1.8710e+01,-0.003,0.005
-1.8702e+01,-0.005,-0.013
-1.8694e+01,-0.003,0.007
-1.8687e+01,-0.005,-0.015
-1.8679e+01,-0.007,0.007
-1.8671e+01,-0.005,-0.017
-1.8664e+01,-0.003,0.009
-1.8656e+01,-0.005,-0.019
-1.8648e+01,-0.003,0.009
-1.8641e+01,-0.003,-0.015
-1.8633e+01,-0.005,0.009
-1.8625e+01,-0.003,-0.019
-1.8618e+01,-0.003,0.005
-1.8610e+01,-0.005,-0.015
-1.8602e+01,-0.003,0.005
-1.8594e+01,-0.003,-0.013
-1.8587e+01,-0.003,0.005
-1.8579e+01,-0.005,-0.013
-1.8571e+01,-0.003,0.005
-1.8564e+01,-0.003,-0.013
-1.8556e+01,-0.005,0.007
-1.8548e+01,-0.003,-0.017
-1.8541e+01,-0.003,0.003
-1.8533e+01,-0.005,-0.013
-1.8525e+01,-0.005,0.009
-1.8518e+01,-0.005,-0.017
-1.8510e+01,-0.001,0.003
-1.8502e+01,-0.005,-0.015
-1.8495e+01,-0.003,0.003
-1.8487e+01,-0.003,-0.013
-1.8479e+01,-0.005,0.003
-1.8472e+01,-0.003,-0.013
-1.8464e+01,-0.005,0.007
-1.8456e+01,-0.003,-0.015
-1.8449e+01,-0.001,0.005
-1.8441e+01,-0.003,-0.013
-1.8433e+01,-0.003,0.009
-1.8425e+01,-0.005,-0.019
-1.8418e+01,-0.007,0.005
-1.8410e+01,-0.005,-0.015
-1.8402e+01,-0.003,0.007
-1.8395e+01,-0.003,-0.015
-1.8387e+01,-0.003,0.007
-1.8379e+01,-0.005,-0.015
-1.8372e+01,-0.005,0.009
-1.8364e+01,-0.005,-0.017
-1.8356e+01,-0.005,0.003
-1.8349e+01,-0.005,-0.013
-1.8341e+01,-0.005,0.005
-1.8333e+01,-0.003,-0.015
-1.8326e+01,-0.003,0.011
-1.8318e+01,-0.001,-0.021
-1.8310e+01,-0.003,0.009
-1.8303e+01,-0.003,-0.017
-1.8295e+01,-0.003,0.007
-1.8287e+01,-0.003,-0.015
-1.8280e+01,-0.003,0.007
-1.8272e+01,-0.005,-0.019
-1.8264e+01,-0.003,0.009
-1.8257e+01,-0.003,-0.017
-1.8249e+01,-0.003,0.009
-1.8241e+01,-0.003,-0.017
-1.8233e+01,-0.005,0.005
-1.8226e+01,-0.005,-0.013
-1.8218e+01,-0.003,0.001
-1.8210e+01,-0.005,-0.013
-1.8203e+01,-0.003,0.007
-1.8195e+01,-0.003,-0.017
-1.8187e+01,-0.003,0.009
-1.8180e+01,-0.003,-0.019
-1.8172e+01,-0.003,0.013
-1.8164e+01,-0.003,-0.023
-1.8157e+01,-0.001,0.003
-1.8149e+01,-0.003,-0.011
-1.8141e+01,-0.005,0.001
-1.8134e+01,-0.003,-0.011
-1.8126e+01,-0.005,0.011
-1.8118e+01,-0.003,-0.019
-1.8111e+01,-0.001,0.005
-1.8103e+01,-0.003,-0.017
-1.8095e+01,-0.003,0.007
-1.8088e+01,-0.003,-0.015
-1.8080e+01,-0.003,0.007
-1.8072e+01,-0.005,-0.015
-1.8065e+01,-0.003,0.003
-1.8057e+01,-0.003,-0.011
-1.8049e+01,-0.003,0.005
-1.8041e+01,-0.003,-0.013
-1.8034e+01,-0.001,0.005
-1.8026e+01,-0.005,-0.015
-1.8018e+01,-0.005,0.003
-1.8011e+01,-0.003,-0.011
-1.8003e+01,-0.005,0.005
-1.7995e+01,-0.003,-0.015
-1.7988e+01,-0.003,0.005
-1.7980e+01,-0.003,-0.017
-1.7972e+01,-0.005,0.011
-1.7965e+01,-0.003,-0.019
-1.7957e+01,-0.003,0.003
-1.7949e+01,-0.001,-0.011
-1.7942e+01,-0.003,0.011
-1.7934e+01,-0.005,-0.017
-1.7926e+01,-0.005,0.009
-1.7919e+01,-0.003,-0.019
-1.7911e+01,-0.005,0.007
-1.7903e+01,-0.005,-0.017
-1.7896e+01,-0.003,0.007
-1.7888e+01,-0.003,-0.015
-1.7880e+01,-0.005,0.007
-1.7873e+01,-0.005,-0.017
-1.7865e+01,-0.003,0.005
-1.7857e+01,-0.005,-0.013
-1.7849e+01,-0.003,0.001
-1.7842e+01,-0.005,-0.013
-1.7834e+01,-0.005,0.007
-1.7826e+01,-0.005,-0.015
-1.7819e+01,-0.003,0.003
-1.7811e+01,-0.003,-0.013
-1.7803e+01,-0.003,0.007
-1.7796e+01,-0.005,-0.019
-1.7788e+01,-0.005,0.007
-1.7780e+01,-0.005,-0.017
-1.7773e+01,-0.003,0.011
-1.7765e+01,-0.005,-0.021
-1.7757e+01,-0.003,0.009
-1.7750e+01,-0.003,-0.019
-1.7742e+01,-0.005,0.001
-1.7734e+01,-0.005,-0.011
-1.7727e+01,-0.003,0.005
-1.7719e+01,-0.005,-0.013
-1.7711e+01,-0.005,0.005
-1.7704e+01,-0.003,-0.015
-1.7696e+01,-0.005,0.005
-1.7688e+01,-0.003,-0.013
-1.7680e+01,-0.003,0.003
-1.7673e+01,-0.003,-0.013
-1.7665e+01,-0.003,0.009
-1.7657e+01,-0.005,-0.017
-1.7650e+01,-0.007,0.005
-1.7642e+01,-0.005,-0.013
-1.7634e+01,-0.003,0.007
-1.7627e+01,-0.005,-0.017
-1.7619e+01,-0.007,0.007
-1.7611e+01,-0.005,-0.017
-1.7604e+01,-0.005,0.005
-1.7596e+01,-0.007,-0.013
-1.7588e+01,-0.005,0.007
-1.7581e+01,-0.005,-0.015
-1.7573e+01,-0.003,0.005
-1.7565e+01,-0.003,-0.015
-1.7558e+01,-0.005,0.009
-1.7550e+01,-0.003,-0.019
-1.7542e+01,-0.005,0.001
-1.7535e+01,-0.003,-0.011
-1.7527e+01,-0.005,0.005
-1.7519e+01,-0.005,-0.015
-1.7512e+01,-0.003,0.007
-1.7504e+01,-0.005,-0.015
-1.7496e+01,-0.005,0.005
-1.7488e+01,-0.005,-0.015
-1.7481e+01,-0.003,0.005
-1.7473e+01,-0.003,-0.015
-1.7465e+01,-0.003,0.003
-1.7458e+01,-0.003,-0.015
-1.7450e+01,-0.003,0.009
-1.7442e+01,-0.005,-0.021
-1.7435e+01,-0.005,0.003
-1.7427e+01,-0.003,-0.013
-1.7419e+01,-0.005,0.003
-1.7412e+01,-0.007,-0.013
-1.7404e+01,-0.003,0.007
-1.7396e+01,-0.003,-0.017
-1.7389e+01,-0.005,0.009
-1.7381e+01,-0.003,-0.019
-1.7373e+01,-0.005,0.005
-1.7366e+01,-0.003,-0.019
-1.7358e+01,-0.003,0.005
-1.7350e+01,-0.003,-0.015
-1.7343e+01,-0.005,0.001
-1.7335e+01,-0.003,-0.011
-1.7327e+01,-0.003,0.007
-1.7320e+01,-0.005,-0.019
-1.7312e+01,-0.005,0.005
-1.7304e+01,-0.001,-0.015
-1.7296e+01,-0.003,0.009
-1.7289e+01,-0.005,-0.021
-1.7281e+01,-0.003,0.007
-1.7273e+01,-0.003,-0.017
-1.7266e+01,-0.003,0.003
-1.7258e+01,-0.005,-0.013
-1.7250e+01,-0.005,0.007
-1.7243e+01,-0.005,-0.015
-1.7235e+01,-0.005,0.007
-1.7227e+01,-0.005,-0.015
-1.7220e+01,-0.005,0.003
-1.7212e+01,-0.005,-0.015
-1.7204e+01,-0.003,0.009
-1.7197e+01,-0.005,-0.019
-1.7189e+01,-0.003,0.005
-1.7181e+01,-0.003,-0.019
-1.7174e+01,-0.003,0.009
-1.7166e+01,-0.005,-0.019
-1.7158e+01,-0.005,0.005
-1.7151e+01,-0.005,-0.017
-1.7143e+01,-0.005,0.001
-1.7135e+01,-0.005,-0.011
-1.7127e+01,-0.005,0.011
-1.7120e+01,-0.003,-0.021
-1.7112e+01,-0.005,0.011
-1.7104e+01,-0.003,-0.021
-1.7097e+01,-0.003,0.005
-1.7089e+01,-0.007,-0.015
-1.7081e+01,-0.007,0.005
-1.7074e+01,-0.005,-0.013
-1.7066e+01,-0.003,0.003
-1.7058e+01,-0.007,-0.013
-1.7051e+01,-0.003,0.003
-1.7043e+01,-0.005,-0.013
-1.7035e+01,-0.005,0.005
-1.7028e+01,-0.003,-0.019
-1.7020e+01,-0.003,0.003
-1.7012e+01,-0.005,-0.015
-1.7005e+01,-0.005,0.007
-1.6997e+01,-0.005,-0.019
-1.6989e+01,-0.005,0.003
-1.6982e+01,-0.003,-0.013
-1.6974e+01,-0.003,0.003
-1.6966e+01,-0.005,-0.015
-1.6959e+01,-0.005,0.001
-1.6951e+01,-0.005,-0.011
-1.6943e+01,-0.005,0.003
-1.6935e+01,-0.005,-0.013
-1.6928e+01,-0.005,0.003
-1.6920e+01,-0.005,-0.015
-1.6912e+01,-0.003,0.005
-1.6905e+01,-0.005,-0.015
-1.6897e+01,-0.003,0.003
-1.6889e+01,-0.005,-0.013
-1.6882e+01,-0.005,0.005
-1.6874e+01,-0.005,-0.015
-1.6866e+01,-0.005,0.003
-1.6859e+01,-0.005,-0.015
-1.6851e+01,-0.005,0.007
-1.6843e+01,-0.005,-0.019
-1.6836e+01,-0.005,0.005
-1.6828e+01,-0.007,-0.015
-1.6820e+01,-0.005,0.005
-1.6813e+01,-0.005,-0.015
-1.6805e+01,-0.005,0.001
-1.6797e+01,-0.005,-0.013
-1.6790e+01,-0.005,0.005
-1.6782e+01,-0.005,-0.017
-1.6774e+01,-0.003,0.005
-1.6767e+01,-0.003,-0.015
-1.6759e+01,-0.003,0.001
-1.6751e+01,-0.005,-0.011
-1.6743e+01,-0.005,0.009
-1.6736e+01,-0.005,-0.019
-1.6728e+01,-0.005,0.005
-1.6720e+01,-0.005,-0.017
-1.6713e+01,-0.007,0.005
-1.6705e+01,-0.003,-0.015
-1.6697e+01,-0.005,0.009
-1.6690e+01,-0.005,-0.021
-1.6682e+01,-0.005,0.001
-1.6674e+01,-0.003,-0.013
-1.6667e+01,-0.005,0.003
-1.6659e+01,-0.005,-0.015
-1.6651e+01,-0.005,0.005
-1.6644e+01,-0.005,-0.017
-1.6636e+01,-0.005,0.001
-1.6628e+01,-0.005,-0.015
-1.6621e+01,-0.003,0.005
-1.6613e+01,-0.005,-0.015
-1.6605e+01,-0.003,0.003
-1.6598e+01,-0.005,-0.015
-1.6590e+01,-0.003,0.003
-1.6582e+01,-0.005,-0.015
-1.6575e+01,-0.005,0.003
-1.6567e+01,-0.005,-0.015
-1.6559e+01,-0.005,0.007
-1.6551e+01,-0.003,-0.019
-1.6544e+01,-0.007,0.003
-1.6536e+01,-0.005,-0.015
-1.6528e+01,-0.005,0.003
-1.6521e+01,-0.005,-0.015
-1.6513e+01,-0.003,0.005
-1.6505e+01,-0.005,-0.015
-1.6498e+01,-0.005,0.007
-1.6490e+01,-0.003,-0.017
-1.6482e+01,-0.003,0.007
-1.6475e+01,-0.005,-0.017
-1.6467e+01,-0.003,0.003
-1.6459e+01,-0.005,-0.015
-1.6452e+01,-0.005,0.005
-1.6444e+01,-0.005,-0.017
-1.6436e+01,-0.005,0.003
-1.6429e+01,-0.005,-0.015
-1.6421e+01,-0.005,0.001
-1.6413e+01,-0.005,-0.015
-1.6406e+01,-0.007,0.003
-1.6398e+01,-0.005,-0.015
-1.6390e+01,-0.007,0.001
-1.6382e+01,-0.007,-0.015
-1.6375e+01,-0.007,0.007
-1.6367e+01,-0.005,-0.019
-1.6359e+01,-0.005,0.001
-1.6352e+01,-0.005,-0.011
-1.6344e+01,-0.003,0.007
-1.6336e+01,-0.005,-0.019
-1.6329e+01,-0.005,0.003
-1.6321e+01,-0.005,-0.017
-1.6313e+01,-0.005,0.007
-1.6306e+01,-0.007,-0.019
-1.6298e+01,-0.005,0.001
-1.6290e+01,-0.005,-0.013
-1.6283e+01,-0.007,0.003
-1.6275e+01,-0.005,-0.017
-1.6267e+01,-0.005,0.005
-1.6260e+01,-0.005,-0.015
-1.6252e+01,-0.007,0.001
-1.6244e+01,-0.007,-0.015
-1.6237e+01,-0.005,0.007
-1.6229e+01,-0.005,-0.019
-1.6221e+01,-0.005,0.005
-1.6214e+01,-0.005,-0.015
-1.6206e+01,-0.005,0.001
-1.6198e+01,-0.005,-0.013
-1.6190e+01,-0.005,0.005
-1.6183e+01,-0.005,-0.017
-1.6175e+01,-0.007,0.005
-1.6167e+01,-0.005,-0.017
-1.6160e+01,-0.005,0.005
-1.6152e+01,-0.007,-0.017
-1.6144e+01,-0.005,0.003
-1.6137e+01,-0.005,-0.019
-1.6129e+01,-0.007,0.007
-1.6121e+01,-0.005,-0.021
-1.6114e+01,-0.005,0.011
-1.6106e+01,-0.007,-0.025
-1.6098e+01,-0.005,0.007
-1.6091e+01,-0.005,-0.021
-1.6083e+01,-0.009,0.009
-1.6075e+01,-0.005,-0.021
-1.6068e+01,-0.005,0.005
-1.6060e+01,-0.007,-0.019
-1.6052e+01,-0.007,0.003
-1.6045e+01,-0.007,-0.017
-1.6037e+01,-0.007,0.001
-1.6029e+01,-0.007,-0.015
-1.6022e+01,-0.005,0.003
-1.6014e+01,-0.007,-0.013
-1.6006e+01,-0.007,0.001
-1.5998e+01,-0.005,-0.013
-1.5991e+01,-0.003,0.005
-1.5983e+01,-0.005,-0.019
-1.5975e+01,-0.007,0.003
-1.5968e+01,-0.007,-0.017
-1.5960e+01,-0.007,0.001
-1.5952e+01,-0.005,-0.015
-1.5945e+01,-0.007,0.005
-1.5937e+01,-0.007,-0.019
-1.5929e+01,-0.007,0.001
-1.5922e+01,-0.005,-0.015
-1.5914e+01,-0.005,0.005
-1.5906e+01,-0.003,-0.017
-1.5899e+01,-0.005,0.003
-1.5891e+01,-0.005,-0.019
-1.5883e+01,-0.007,0.007
-1.5876e+01,-0.007,-0.021
-1.5868e+01,-0.005,0.001
-1.5860e+01,-0.005,-0.015
-1.5853e+01,-0.005,0.007
-1.5845e+01,-0.005,-0.021
-1.5837e+01,-0.005,0.003
-1.5829e+01,-0.003,-0.015
-1.5822e+01,-0.005,0.001
-1.5814e+01,-0.005,-0.015
-1.5806e+01,-0.005,0.003
-1.5799e+01,-0.005,-0.017
-1.5791e+01,-0.005,0.011
-1.5783e+01,-0.007,-0.023
-1.5776e+01,-0.005,0.001
-1.5768e+01,-0.005,-0.013
-1.5760e+01,-0.003,0.003
-1.5753e+01,-0.005,-0.015
-1.5745e+01,-0.005,0.007
-1.5737e+01,-0.005,-0.019
-1.5730e+01,-0.005,0.005
-1.5722e+01,-0.007,-0.017
-1.5714e+01,-0.005,0.003
-1.5707e+01,-0.005,-0.015
-1.5699e+01,-0.005,0.003
-1.5691e+01,-0.005,-0.015
-1.5684e+01,-0.005,0.003
-1.5676e+01,-0.005,-0.015
-1.5668e+01,-0.005,0.003
-1.5661e+01,-0.007,-0.015
-1.5653e+01,-0.005,0.001
-1.5645e+01,-0.005,-0.013
-1.5637e+01,-0.005,0.003
-1.5630e+01,-0.007,-0.015
-1.5622e+01,-0.003,0.003
-1.5614e+01,-0.007,-0.017
-1.5607e+01,-0.005,0.009
-1.5599e+01,-0.007,-0.019
-1.5591e+01,-0.005,0.007
-1.5584e+01,-0.005,-0.019
-1.5576e+01,-0.007,-0.001
-1.5568e+01,-0.005,-0.013
-1.5561e+01,-0.005,0.005
-1.5553e+01,-0.005,-0.015
-1.5545e+01,-0.005,0.007
-1.5538e+01,-0.005,-0.019
-1.5530e+01,-0.007,0.009
-1.5522e+01,-0.005,-0.019
-1.5515e+01,-0.005,0.003
-1.5507e+01,-0.005,-0.015
-1.5499e+01,-0.005,0.003
-1.5492e+01,-0.003,-0.013
-1.5484e+01,-0.005,0.003
-1.5476e+01,-0.007,-0.013
-1.5469e+01,-0.005,0.005
-1.5461e+01,-0.007,-0.017
-1.5453e+01,-0.005,0.001
-1.5445e+01,-0.005,-0.013
-1.5438e+01,-0.005,0.005
-1.5430e+01,-0.005,-0.015
-1.5422e+01,-0.005,0.005
-1.5415e+01,-0.005,-0.019
-1.5407e+01,-0.003,0.005
-1.5399e+01,-0.005,-0.017
-1.5392e+01,-0.005,0.001
-1.5384e+01,-0.007,-0.015
-1.5376e+01,-0.005,0.005
-1.5369e+01,-0.003,-0.019
-1.5361e+01,-0.005,0.005
-1.5353e+01,-0.005,-0.015
-1.5346e+01,-0.005,0.003
-1.5338e+01,-0.005,-0.015
-1.5330e+01,-0.005,0.007
-1.5323e+01,-0.005,-0.019
-1.5315e+01,-0.005,0.005
-1.5307e+01,-0.005,-0.015
-1.5300e+01,-0.005,0.005
-1.5292e+01,-0.005,-0.017
-1.5284e+01,-0.003,0.009
-1.5276e+01,-0.005,-0.017
-1.5269e+01,-0.005,0.003
-1.5261e+01,-0.005,-0.015
-1.5253e+01,-0.007,0.009
-1.5246e+01,-0.005,-0.017
-1.5238e+01,-0.007,0.003
-1.5230e+01,-0.005,-0.015
-1.5223e+01,-0.003,0.005
-1.5215e+01,-0.005,-0.019
-1.5207e+01,-0.001,0.007
-1.5200e+01,-0.005,-0.017
-1.5192e+01,-0.005,0.005
-1.5184e+01,-0.005,-0.015
-1.5177e+01,-0.003,0.001
-1.5169e+01,-0.003,-0.011
-1.5161e+01,-0.007,0.003
-1.5154e+01,-0.005,-0.013
-1.5146e+01,-0.003,0.003
-1.5138e+01,-0.005,-0.015
-1.5131e+01,-0.005,0.005
-1.5123e+01,-0.005,-0.017
-1.5115e+01,-0.003,0.005
-1.5108e+01,-0.005,-0.017
-1.5100e+01,-0.003,0.003
-1.5092e+01,-0.007,-0.013
-1.5084e+01,-0.007,0.003
-1.5077e+01,-0.005,-0.015
-1.5069e+01,-0.005,0.003
-1.5061e+01,-0.005,-0.017
-1.5054e+01,-0.005,0.007
-1.5046e+01,-0.005,-0.019
-1.5038e+01,-0.005,0.003
-1.5031e+01,-0.003,-0.013
-1.5023e+01,-0.005,0.003
-1.5015e+01,-0.003,-0.015
-1.5008e+01,-0.007,0.003
-1.5000e+01,-0.003,-0.015
-1.4992e+01,-0.005,0.001
-1.4985e+01,-0.005,-0.013
-1.4977e+01,-0.007,0.001
-1.4969e+01,-0.005,-0.011
-1.4962e+01,-0.005,0.003
-1.4954e+01,-0.007,-0.013
-1.4946e+01,-0.003,0.005
-1.4939e+01,-0.005,-0.015
-1.4931e+01,-0.005,0.007
-1.4923e+01,-0.003,-0.015
-1.4916e+01,-0.005,0.003
-1.4908e+01,-0.007,-0.015
-1.4900e+01,-0.005,0.005
-1.4892e+01,-0.005,-0.019
-1.4885e+01,-0.007,0.005
-1.4877e+01,-0.003,-0.017
-1.4869e+01,-0.005,0.005
-1.4862e+01,-0.005,-0.017
-1.4854e+01,-0.005,0.003
-1.4846e+01,-0.003,-0.013
-1.4839e+01,-0.005,0.005
-1.4831e+01,-0.005,-0.017
-1.4823e+01,-0.007,0.003
-1.4816e+01,-0.005,-0.013
-1.4808e+01,-0.005,0.005
-1.4800e+01,-0.005,-0.017
-1.4793e+01,-0.005,0.001
-1.4785e+01,-0.005,-0.011
-1.4777e+01,-0.005,0.005
-1.4770e+01,-0.003,-0.013
-1.4762e+01,-0.007,0.005
-1.4754e+01,-0.005,-0.015
-1.4747e+01,-0.005,0.005
-1.4739e+01,-0.005,-0.019
-1.4731e+01,-0.005,0.007
-1.4724e+01,-0.005,-0.015
-1.4716e+01,-0.003,0.003
-1.4708e+01,-0.005,-0.013
-1.4700e+01,-0.005,0.005
-1.4693e+01,-0.005,-0.017
-1.4685e+01,-0.005,0.003
-1.4677e+01,-0.005,-0.017
-1.4670e+01,-0.005,0.005
-1.4662e+01,-0.005,-0.015
-1.4654e+01,-0.003,0.005
-1.4647e+01,-0.005,-0.015
-1.4639e+01,-0.005,0.005
-1.4631e+01,-0.003,-0.017
-1.4624e+01,-0.005,0.003
-1.4616e+01,-0.005,-0.013
-1.4608e+01,-0.003,0.001
-1.4601e+01,-0.003,-0.013
-1.4593e+01,-0.005,0.001
-1.4585e+01,-0.005,-0.011
-1.4578e+01,-0.005,0.001
-1.4570e+01,-0.003,-0.013
-1.4562e+01,-0.005,0.003
-1.4555e+01,-0.003,-0.015
-1.4547e+01,-0.005,0.003
-1.4539e+01,-0.007,-0.015
-1.4531e+01,-0.005,0.003
-1.4524e+01,-0.005,-0.015
-1.4516e+01,-0.005,0.005
-1.4508e+01,-0.003,-0.015
-1.4501e+01,-0.005,0.009
-1.4493e+01,-0.005,-0.019
-1.4485e+01,-0.005,0.005
-1.4478e+01,-0.005,-0.015
-1.4470e+01,-0.007,0.009
-1.4462e+01,-0.007,-0.019
-1.4455e+01,-0.005,0.009
-1.4447e+01,-0.005,-0.017
-1.4439e+01,-0.005,0.007
-1.4432e+01,-0.005,-0.019
-1.4424e+01,-0.005,0.005
-1.4416e+01,-0.007,-0.017
-1.4409e+01,-0.005,0.007
-1.4401e+01,-0.005,-0.019
-1.4393e+01,-0.005,0.001
-1.4386e+01,-0.005,-0.011
-1.4378e+01,-0.003,0.003
-1.4370e+01,-0.005,-0.015
-1.4363e+01,-0.003,0.003
-1.4355e+01,-0.005,-0.015
-1.4347e+01,-0.003,0.005
-1.4339e+01,-0.005,-0.015
-1.4332e+01,-0.003,0.003
-1.4324e+01,-0.005,-0.013
-1.4316e+01,-0.003,0.003
-1.4309e+01,-0.005,-0.013
-1.4301e+01,-0.005,0.005
-1.4293e+01,-0.005,-0.015
-1.4286e+01,-0.005,0.003
-1.4278e+01,-0.003,-0.015
-1.4270e+01,-0.005,0.005
-1.4263e+01,-0.007,-0.015
-1.4255e+01,-0.005,0.009
-1.4247e+01,-0.005,-0.019
-1.4240e+01,-0.003,0.005
-1.4232e+01,-0.003,-0.017
-1.4224e+01,-0.003,0.005
-1.4217e+01,-0.005,-0.017
-1.4209e+01,-0.003,0.005
-1.4201e+01,-0.005,-0.017
-1.4194e+01,-0.005,0.001
-1.4186e+01,-0.005,-0.011
-1.4178e+01,-0.003,0.007
-1.4171e+01,-0.005,-0.017
-1.4163e+01,-0.005,0.007
-1.4155e+01,-0.003,-0.015
-1.4147e+01,-0.005,0.005
-1.4140e+01,-0.005,-0.015
-1.4132e+01,-0.005,0.003
-1.4124e+01,-0.005,-0.015
-1.4117e+01,-0.003,0.007
-1.4109e+01,-0.005,-0.019
-1.4101e+01,-0.005,0.007
-1.4094e+01,-0.005,-0.017
-1.4086e+01,-0.003,0.005
-1.4078e+01,-0.007,-0.017
-1.4071e+01,-0.003,0.003
-1.4063e+01,-0.005,-0.013
-1.4055e+01,-0.005,0.003
-1.4048e+01,-0.003,-0.013
-1.4040e+01,-0.003,0.003
-1.4032e+01,-0.003,-0.015
-1.4025e+01,-0.005,0.003
-1.4017e+01,-0.005,-0.015
-1.4009e+01,-0.005,0.003
-1.4002e+01,-0.005,-0.015
-1.3994e+01,-0.005,0.001
-1.3986e+01,-0.005,-0.011
-1.3978e+01,-0.003,0.001
-1.3971e+01,-0.005,-0.013
-1.3963e+01,-0.003,0.005
-1.3955e+01,-0.003,-0.015
-1.3948e+01,-0.003,0.005
-1.3940e+01,-0.005,-0.017
-1.3932e+01,-0.005,0.005
-1.3925e+01,-0.005,-0.015
-1.3917e+01,-0.005,0.005
-1.3909e+01,-0.003,-0.017
-1.3902e+01,-0.005,0.007
-1.3894e+01,-0.003,-0.017
-1.3886e+01,-0.005,0.007
-1.3879e+01,-0.003,-0.017
-1.3871e+01,-0.003,0.005
-1.3863e+01,-0.005,-0.015
-1.3856e+01,-0.005,0.009
-1.3848e+01,-0.005,-0.017
-1.3840e+01,-0.005,0.003
-1.3833e+01,-0.003,-0.013
-1.3825e+01,-0.003,0.003
-1.3817e+01,-0.005,-0.015
-1.3810e+01,-0.005,0.001
-1.3802e+01,-0.005,-0.011
-1.3794e+01,-0.005,0.011
-1.3786e+01,-0.005,-0.023
-1.3779e+01,-0.007,0.003
-1.3771e+01,-0.003,-0.013
-1.3763e+01,-0.005,0.009
-1.3756e+01,-0.003,-0.021
-1.3748e+01,-0.003,0.007
-1.3740e+01,-0.003,-0.017
-1.3733e+01,-0.005,0.003
-1.3725e+01,-0.005,-0.015
-1.3717e+01,-0.007,0.007
-1.3710e+01,-0.005,-0.017
-1.3702e+01,-0.003,0.005
-1.3694e+01,-0.005,-0.015
-1.3687e+01,-0.005,0.001
-1.3679e+01,-0.005,-0.013
-1.3671e+01,-0.007,0.003
-1.3664e+01,-0.003,-0.015
-1.3656e+01,-0.005,0.003
-1.3648e+01,-0.007,-0.015
-1.3641e+01,-0.009,0.001
-1.3633e+01,-0.005,-0.011
-1.3625e+01,-0.005,0.005
-1.3618e+01,-0.005,-0.017
-1.3610e+01,-0.005,0.003
-1.3602e+01,-0.003,-0.015
-1.3594e+01,-0.005,0.005
-1.3587e+01,-0.003,-0.017
-1.3579e+01,-0.005,0.001
-1.3571e+01,-0.007,-0.013
-1.3564e+01,-0.007,0.005
-1.3556e+01,-0.005,-0.017
-1.3548e+01,-0.005,0.003
-1.3541e+01,-0.005,-0.013
-1.3533e+01,-0.005,0.003
-1.3525e+01,-0.005,-0.015
-1.3518e+01,-0.005,0.005
-1.3510e+01,-0.007,-0.013
-1.3502e+01,-0.005,0.003
-1.3495e+01,-0.005,-0.013
-1.3487e+01,-0.003,0.005
-1.3479e+01,-0.005,-0.015
-1.3472e+01,-0.005,0.005
-1.3464e+01,-0.005,-0.017
-1.3456e+01,-0.003,0.003
-1.3449e+01,-0.005,-0.015
-1.3441e+01,-0.003,0.007
-1.3433e+01,-0.007,-0.017
-1.3425e+01,-0.005,0.003
-1.3418e+01,-0.005,-0.015
-1.3410e+01,-0.005,0.001
-1.3402e+01,-0.005,-0.011
-1.3395e+01,-0.005,0.007
-1.3387e+01,-0.005,-0.015
-1.3379e+01,-0.005,0.003
-1.3372e+01,-0.005,-0.013
-1.3364e+01,-0.005,0.003
-1.3356e+01,-0.005,-0.013
-1.3349e+01,-0.005,0.003
-1.3341e+01,-0.005,-0.013
-1.3333e+01,-0.007,0.003
-1.3326e+01,-0.005,-0.015
-1.3318e+01,-0.005,0.001
-1.3310e+01,-0.007,-0.013
-1.3303e+01,-0.005,0.005
-1.3295e+01,-0.005,-0.017
-1.3287e+01,-0.007,0.011
-1.3280e+01,-0.005,-0.021
-1.3272e+01,-0.007,0.007
-1.3264e+01,-0.003,-0.017
-1.3257e+01,-0.005,0.005
-1.3249e+01,-0.005,-0.017
-1.3241e+01,-0.005,0.003
-1.3233e+01,-0.007,-0.013
-1.3226e+01,-0.005,0.007
-1.3218e+01,-0.005,-0.017
-1.3210e+01,-0.005,0.001
-1.3203e+01,-0.005,-0.011
-1.3195e+01,-0.005,0.003
-1.3187e+01,-0.003,-0.013
-1.3180e+01,-0.005,0.003
-1.3172e+01,-0.005,-0.015
-1.3164e+01,-0.005,0.001
-1.3157e+01,-0.007,-0.013
-1.3149e+01,-0.005,0.001
-1.3141e+01,-0.005,-0.015
-1.3134e+01,-0.003,0.003
-1.3126e+01,-0.005,-0.015
-1.3118e+01,-0.007,0.003
-1.3111e+01,-0.005,-0.015
-1.3103e+01,-0.005,0.005
-1.3095e+01,-0.005,-0.015
-1.3088e+01,-0.003,0.005
-1.3080e+01,-0.005,-0.017
-1.3072e+01,-0.005,0.005
-1.3065e+01,-0.005,-0.017
-1.3057e+01,-0.003,0.001
-1.3049e+01,-0.005,-0.015
-1.3041e+01,-0.005,0.001
-1.3034e+01,-0.005,-0.015
-1.3026e+01,-0.005,0.003
-1.3018e+01,-0.005,-0.013
-1.3011e+01,-0.005,0.001
-1.3003e+01,-0.005,-0.011
-1.2995e+01,-0.005,0.007
-1.2988e+01,-0.003,-0.019
-1.2980e+01,-0.005,0.003
-1.2972e+01,-0.007,-0.015
-1.2965e+01,-0.005,0.001
-1.2957e+01,-0.005,-0.015
-1.2949e+01,-0.005,0.005
-1.2942e+01,-0.007,-0.017
-1.2934e+01,-0.007,0.003
-1.2926e+01,-0.007,-0.017
-1.2919e+01,-0.005,0.003
-1.2911e+01,-0.007,-0.015
-1.2903e+01,-0.005,0.003
-1.2896e+01,-0.007,-0.015
-1.2888e+01,-0.005,0.001
-1.2880e+01,-0.005,-0.013
-1.2873e+01,-0.005,0.001
-1.2865e+01,-0.007,-0.015
-1.2857e+01,-0.005,0.005
-1.2849e+01,-0.005,-0.017
-1.2842e+01,-0.007,0.007
-1.2834e+01,-0.007,-0.021
-1.2826e+01,-0.005,-0.001
-1.2819e+01,-0.005,-0.013
-1.2811e+01,-0.005,0.003
-1.2803e+01,-0.005,-0.015
-1.2796e+01,-0.007,0.001
-1.2788e+01,-0.005,-0.015
-1.2780e+01,-0.005,0.005
-1.2773e+01,-0.007,-0.017
-1.2765e+01,-0.005,0.003
-1.2757e+01,-0.003,-0.015
-1.2750e+01,-0.005,0.003
-1.2742e+01,-0.007,-0.015
-1.2734e+01,-0.005,0.005
-1.2727e+01,-0.007,-0.019
-1.2719e+01,-0.005,0.001
-1.2711e+01,-0.005,-0.015
-1.2704e+01,-0.005,0.005
-1.2696e+01,-0.005,-0.019
-1.2688e+01,-0.005,0.005
-1.2680e+01,-0.005,-0.019
-1.2673e+01,-0.005,0.009
-1.2665e+01,-0.005,-0.021
-1.2657e+01,-0.007,0.003
-1.2650e+01,-0.005,-0.013
-1.2642e+01,-0.005,0.005
-1.2634e+01,-0.007,-0.017
-1.2627e+01,-0.005,-0.001
-1.2619e+01,-0.007,-0.013
-1.2611e+01,-0.007,0.003
-1.2604e+01,-0.005,-0.017
-1.2596e+01,-0.007,0.005
-1.2588e+01,-0.005,-0.019
-1.2581e+01,-0.007,0.003
-1.2573e+01,-0.007,-0.017
-1.2565e+01,-0.007,0.003
-1.2558e+01,-0.005,-0.017
-1.2550e+01,-0.007,0.003
-1.2542e+01,-0.007,-0.017
-1.2535e+01,-0.005,0.007
-1.2527e+01,-0.005,-0.019
-1.2519e+01,-0.007,0.001
-1.2512e+01,-0.005,-0.013
-1.2504e+01,-0.005,0.001
-1.2496e+01,-0.007,-0.013
-1.2488e+01,-0.007,0.001
-1.2481e+01,-0.005,-0.017
-1.2473e+01,-0.005,0.003
-1.2465e+01,-0.007,-0.019
-1.2458e+01,-0.007,0.007
-1.2450e+01,-0.005,-0.017
-1.2442e+01,-0.007,0.001
-1.2435e+01,-0.005,-0.015
-1.2427e+01,-0.007,-0.001
-1.2419e+01,-0.007,-0.013
-1.2412e+01,-0.005,0.001
-1.2404e+01,-0.005,-0.015
-1.2396e+01,-0.005,0.003
-1.2389e+01,-0.007,-0.017
-1.2381e+01,-0.007,0.007
-1.2373e+01,-0.007,-0.023
-1.2366e+01,-0.007,0.003
-1.2358e+01,-0.005,-0.017
-1.2350e+01,-0.005,0.003
-1.2343e+01,-0.007,-0.017
-1.2335e+01,-0.005,0.001
-1.2327e+01,-0.007,-0.015
-1.2320e+01,-0.005,0.003
-1.2312e+01,-0.005,-0.019
-1.2304e+01,-0.003,0.007
-1.2296e+01,-0.005,-0.021
-1.2289e+01,-0.007,0.001
-1.2281e+01,-0.005,-0.017
-1.2273e+01,-0.007,-0.001
-1.2266e+01,-0.005,-0.015
-1.2258e+01,-0.005,0.005
-1.2250e+01,-0.005,-0.021
-1.2243e+01,-0.007,0.003
-1.2235e+01,-0.007,-0.019
-1.2227e+01,-0.007,-0.001
-1.2220e+01,-0.007,-0.013
-1.2212e+01,-0.007,-0.001
-1.2204e+01,-0.007,-0.015
-1.2197e+01,-0.005,0.001
-1.2189e+01,-0.007,-0.017
-1.2181e+01,-0.007,0.001
-1.2174e+01,-0.005,-0.019
-1.2166e+01,-0.007,0.003
-1.2158e+01,-0.005,-0.017
-1.2151e+01,-0.007,0.003
-1.2143e+01,-0.007,-0.019
-1.2135e+01,-0.007,0.001
-1.2127e+01,-0.005,-0.017
-1.2120e+01,-0.007,0.003
-1.2112e+01,-0.009,-0.019
-1.2104e+01,-0.007,0.001
-1.2097e+01,-0.007,-0.017
-1.2089e+01,-0.007,0.001
-1.2081e+01,-0.009,-0.017
-1.2074e+01,-0.007,0.003
-1.2066e+01,-0.007,-0.019
-1.2058e+01,-0.005,0.003
-1.2051e+01,-0.007,-0.017
-1.2043e+01,-0.007,0.001
-1.2035e+01,-0.007,-0.017
-1.2028e+01,-0.007,-0.003
-1.2020e+01,-0.009,-0.013
-1.2012e+01,-0.009,0.005
-1.2005e+01,-0.007,-0.021
-1.1997e+01,-0.007,0.003
-1.1989e+01,-0.007,-0.017
-1.1982e+01,-0.007,0.003
-1.1974e+01,-0.007,-0.021
-1.1966e+01,-0.009,0.001
-1.1959e+01,-0.009,-0.017
-1.1951e+01,-0.007,0.001
-1.1943e+01,-0.007,-0.019
-1.1935e+01,-0.007,0.001
-1.1928e+01,-0.009,-0.017
-1.1920e+01,-0.009,0.003
-1.1912e+01,-0.007,-0.021
-1.1905e+01,-0.007,0.001
-1.1897e+01,-0.009,-0.019
-1.1889e+01,-0.009,-0.001
-1.1882e+01,-0.007,-0.017
-1.1874e+01,-0.007,0.001
-1.1866e+01,-0.009,-0.017
-1.1859e+01,-0.009,0.001
-1.1851e+01,-0.009,-0.019
-1.1843e+01,-0.009,-0.003
-1.1836e+01,-0.009,-0.015
-1.1828e+01,-0.009,0.005
-1.1820e+01,-0.009,-0.023
-1.1813e+01,-0.007,-0.001
-1.1805e+01,-0.007,-0.017
-1.1797e+01,-0.009,0.001
-1.1790e+01,-0.009,-0.019
-1.1782e+01,-0.009,-0.001
-1.1774e+01,-0.009,-0.019
-1.1767e+01,-0.009,-0.003
-1.1759e+01,-0.007,-0.015
-1.1751e+01,-0.009,0.003
-1.1743e+01,-0.007,-0.021
-1.1736e+01,-0.009,0.001
-1.1728e+01,-0.007,-0.021
-1.1720e+01,-0.009,-0.001
-1.1713e+01,-0.009,-0.023
-1.1705e+01,-0.009,0.001
-1.1697e+01,-0.009,-0.019
-1.1690e+01,-0.009,-0.001
-1.1682e+01,-0.009,-0.019
-1.1674e+01,-0.009,-0.003
-1.1667e+01,-0.011,-0.017
-1.1659e+01,-0.009,0.001
-1.1651e+01,-0.009,-0.021
-1.1644e+01,-0.009,-0.005
-1.1636e+01,-0.009,-0.015
-1.1628e+01,-0.011,-0.001
-1.1621e+01,-0.011,-0.021
-1.1613e+01,-0.011,-0.001
-1.1605e+01,-0.011,-0.021
-1.1598e+01,-0.011,-0.001
-1.1590e+01,-0.009,-0.023
-1.1582e+01,-0.011,-0.003
-1.1575e+01,-0.009,-0.019
-1.1567e+01,-0.009,-0.003
-1.1559e+01,-0.011,-0.021
-1.1551e+01,-0.011,-0.001
-1.1544e+01,-0.009,-0.021
-1.1536e+01,-0.011,-0.005
-1.1528e+01,-0.013,-0.019
-1.1521e+01,-0.013,-0.003
-1.1513e+01,-0.011,-0.019
-1.1505e+01,-0.009,-0.003
-1.1498e+01,-0.009,-0.019
-1.1490e+01,-0.011,-0.001
-1.1482e+01,-0.009,-0.021
-1.1475e+01,-0.011,-0.001
-1.1467e+01,-0.009,-0.021
-1.1459e+01,-0.013,-0.003
-1.1452e+01,-0.011,-0.019
-1.1444e+01,-0.011,-0.005
-1.1436e+01,-0.011,-0.017
-1.1429e+01,-0.011,0.003
-1.1421e+01,-0.011,-0.027
-1.1413e+01,-0.011,-0.003
-1.1406e+01,-0.011,-0.021
-1.1398e+01,-0.013,-0.001
-1.1390e+01,-0.013,-0.023
-1.1382e+01,-0.011,-0.003
-1.1375e+01,-0.011,-0.021
-1.1367e+01,-0.013,-0.003
-1.1359e+01,-0.013,-0.021
-1.1352e+01,-0.013,-0.005
-1.1344e+01,-0.011,-0.021
-1.1336e+01,-0.013,-0.005
-1.1329e+01,-0.013,-0.019
-1.1321e+01,-0.013,-0.003
-1.1313e+01,-0.013,-0.023
-1.1306e+01,-0.013,-0.007
-1.1298e+01,-0.013,-0.021
-1.1290e+01,-0.011,-0.005
-1.1283e+01,-0.013,-0.019
-1.1275e+01,-0.011,-0.007
-1.1267e+01,-0.013,-0.021
-1.1260e+01,-0.013,-0.007
-1.1252e+01,-0.013,-0.023
-1.1244e+01,-0.015,-0.009
-1.1237e+01,-0.013,-0.019
-1.1229e+01,-0.013,-0.005
-1.1221e+01,-0.013,-0.023
-1.1214e+01,-0.013,-0.005
-1.1206e+01,-0.013,-0.025
-1.1198e+01,-0.013,-0.005
-1.1190e+01,-0.013,-0.025
-1.1183e+01,-0.015,-0.005
-1.1175e+01,-0.013,-0.025
-1.1167e+01,-0.015,-0.005
-1.1160e+01,-0.015,-0.027
-1.1152e+01,-0.015,-0.007
-1.1144e+01,-0.015,-0.023
-1.1137e+01,-0.015,-0.003
-1.1129e+01,-0.015,-0.027
-1.1121e+01,-0.013,-0.005
-1.1114e+01,-0.017,-0.029
-1.1106e+01,-0.017,-0.009
-1.1098e+01,-0.015,-0.025
-1.1091e+01,-0.013,-0.007
-1.1083e+01,-0.015,-0.025
-1.1075e+01,-0.013,-0.011
-1.1068e+01,-0.015,-0.025
-1.1060e+01,-0.015,-0.009
-1.1052e+01,-0.017,-0.025
-1.1045e+01,-0.017,-0.011
-1.1037e+01,-0.017,-0.023
-1.1029e+01,-0.019,-0.007
-1.1022e+01,-0.017,-0.029
-1.1014e+01,-0.017,-0.009
-1.1006e+01,-0.017,-0.029
-1.0998e+01,-0.017,-0.007
-1.0991e+01,-0.019,-0.029
-1.0983e+01,-0.017,-0.007
-1.0975e+01,-0.019,-0.031
-1.0968e+01,-0.017,-0.011
-1.0960e+01,-0.019,-0.029
-1.0952e+01,-0.019,-0.011
-1.0945e+01,-0.019,-0.029
-1.0937e+01,-0.017,-0.011
-1.0929e+01,-0.019,-0.031
-1.0922e+01,-0.017,-0.009
-1.0914e+01,-0.019,-0.031
-1.0906e+01,-0.019,-0.011
-1.0899e+01,-0.019,-0.031
-1.0891e+01,-0.019,-0.011
-1.0883e+01,-0.019,-0.031
-1.0876e+01,-0.019,-0.011
-1.0868e+01,-0.019,-0.031
-1.0860e+01,-0.019,-0.015
-1.0853e+01,-0.021,-0.027
-1.0845e+01,-0.019,-0.013
-1.0837e+01,-0.021,-0.031
-1.0829e+01,-0.021,-0.015
-1.0822e+01,-0.021,-0.029
-1.0814e+01,-0.021,-0.013
-1.0806e+01,-0.021,-0.031
-1.0799e+01,-0.021,-0.013
-1.0791e+01,-0.021,-0.031
-1.0783e+01,-0.023,-0.013
-1.0776e+01,-0.023,-0.033
-1.0768e+01,-0.021,-0.011
-1.0760e+01,-0.021,-0.037
-1.0753e+01,-0.023,-0.015
-1.0745e+01,-0.023,-0.033
-1.0737e+01,-0.023,-0.013
-1.0730e+01,-0.023,-0.035
-1.0722e+01,-0.023,-0.013
-1.0714e+01,-0.025,-0.037
-1.0707e+01,-0.023,-0.015
-1.0699e+01,-0.025,-0.035
-1.0691e+01,-0.025,-0.015
-1.0684e+01,-0.023,-0.035
-1.0676e+01,-0.025,-0.015
-1.0668e+01,-0.025,-0.037
-1.0661e+01,-0.025,-0.021
-1.0653e+01,-0.025,-0.031
-1.0645e+01,-0.025,-0.015
-1.0637e+01,-0.025,-0.037
-1.0630e+01,-0.027,-0.017
-1.0622e+01,-0.027,-0.037
-1.0614e+01,-0.027,-0.017
-1.0607e+01,-0.029,-0.037
-1.0599e+01,-0.027,-0.017
-1.0591e+01,-0.025,-0.039
-1.0584e+01,-0.027,-0.021
-1.0576e+01,-0.027,-0.037
-1.0568e+01,-0.027,-0.019
-1.0561e+01,-0.029,-0.037
-1.0553e+01,-0.027,-0.021
-1.0545e+01,-0.029,-0.039
-1.0538e+01,-0.029,-0.021
-1.0530e+01,-0.031,-0.037
-1.0522e+01,-0.029,-0.023
-1.0515e+01,-0.029,-0.041
-1.0507e+01,-0.031,-0.021
-1.0499e+01,-0.029,-0.043
-1.0492e+01,-0.029,-0.023
-1.0484e+01,-0.029,-0.041
-1.0476e+01,-0.031,-0.023
-1.0469e+01,-0.031,-0.043
-1.0461e+01,-0.033,-0.027
-1.0453e+01,-0.031,-0.039
-1.0445e+01,-0.035,-0.023
-1.0438e+01,-0.031,-0.043
-1.0430e+01,-0.035,-0.025
-1.0422e+01,-0.033,-0.043
-1.0415e+01,-0.033,-0.025
-1.0407e+01,-0.033,-0.043
-1.0399e+01,-0.035,-0.027
-1.0392e+01,-0.035,-0.045
-1.0384e+01,-0.035,-0.027
-1.0376e+01,-0.035,-0.047
-1.0369e+01,-0.035,-0.027
-1.0361e+01,-0.037,-0.047
-1.0353e+01,-0.035,-0.031
-1.0346e+01,-0.037,-0.045
-1.0338e+01,-0.037,-0.021
-1.0330e+01,-0.039,-0.055
-1.0323e+01,-0.041,-0.033
-1.0315e+01,-0.041,-0.049
-1.0307e+01,-0.041,-0.031
-1.0300e+01,-0.039,-0.051
-1.0292e+01,-0.039,-0.035
-1.0284e+01,-0.039,-0.047
-1.0276e+01,-0.039,-0.033
-1.0269e+01,-0.039,-0.051
-1.0261e+01,-0.041,-0.037
-1.0253e+01,-0.041,-0.049
-1.0246e+01,-0.043,-0.031
-1.0238e+01,-0.043,-0.055
-1.0230e+01,-0.043,-0.035
-1.0223e+01,-0.043,-0.051
-1.0215e+01,-0.043,-0.037
-1.0207e+01,-0.043,-0.053
-1.0200e+01,-0.045,-0.037
-1.0192e+01,-0.045,-0.053
-1.0184e+01,-0.045,-0.035
-1.0177e+01,-0.045,-0.055
-1.0169e+01,-0.043,-0.037
-1.0161e+01,-0.045,-0.057
-1.0154e+01,-0.047,-0.041
-1.0146e+01,-0.047,-0.055
-1.0138e+01,-0.047,-0.039
-1.0131e+01,-0.047,-0.057
-1.0123e+01,-0.049,-0.039
-1.0115e+01,-0.049,-0.061
-1.0108e+01,-0.049,-0.043
-1.0100e+01,-0.051,-0.057
-1.0092e+01,-0.051,-0.045
-1.0084e+01,-0.049,-0.059
-1.0077e+01,-0.051,-0.043
-1.0069e+01,-0.049,-0.061
-1.0061e+01,-0.053,-0.047
-1.0054e+01,-0.053,-0.059
-1.0046e+01,-0.055,-0.045
-1.0038e+01,-0.055,-0.063
-1.0031e+01,-0.057,-0.047
-1.0023e+01,-0.055,-0.061
-1.0015e+01,-0.057,-0.047
-1.0008e+01,-0.053,-0.067
-1.0000e+01,-0.055,-0.051
-9.9923e+00,-0.053,-0.065
-9.9846e+00,-0.055,-0.051
-9.9770e+00,-0.057,-0.067
-9.9693e+00,-0.057,-0.049
-9.9616e+00,-0.059,-0.067
-9.9539e+00,-0.057,-0.051
-9.9462e+00,-0.061,-0.069
-9.9386e+00,-0.061,-0.053
-9.9309e+00,-0.061,-0.069
-9.9232e+00,-0.059,-0.055
-9.9155e+00,-0.061,-0.071
-9.9078e+00,-0.061,-0.055
-9.9002e+00,-0.061,-0.071
-9.8925e+00,-0.063,-0.057
-9.8848e+00,-0.063,-0.073
-9.8771e+00,-0.063,-0.057
-9.8694e+00,-0.061,-0.071
-9.8618e+00,-0.065,-0.057
-9.8541e+00,-0.063,-0.073
-9.8464e+00,-0.067,-0.057
-9.8387e+00,-0.067,-0.075
-9.8310e+00,-0.069,-0.061
-9.8233e+00,-0.067,-0.077
-9.8157e+00,-0.067,-0.057
-9.8080e+00,-0.069,-0.081
-9.8003e+00,-0.069,-0.061
-9.7926e+00,-0.069,-0.081
-9.7849e+00,-0.069,-0.061
-9.7773e+00,-0.071,-0.085
-9.7696e+00,-0.071,-0.065
-9.7619e+00,-0.077,-0.083
-9.7542e+00,-0.073,-0.067
-9.7465e+00,-0.077,-0.083
-9.7389e+00,-0.073,-0.065
-9.7312e+00,-0.077,-0.089
-9.7235e+00,-0.077,-0.067
-9.7158e+00,-0.077,-0.091
-9.7081e+00,-0.077,-0.071
-9.7005e+00,-0.077,-0.089
-9.6928e+00,-0.081,-0.071
-9.6851e+00,-0.077,-0.093
-9.6774e+00,-0.079,-0.073
-9.6697e+00,-0.079,-0.087
-9.6621e+00,-0.083,-0.067
-9.6544e+00,-0.081,-0.097
-9.6467e+00,-0.085,-0.073
-9.6390e+00,-0.083,-0.093
-9.6313e+00,-0.087,-0.075
-9.6237e+00,-0.083,-0.097
-9.6160e+00,-0.085,-0.077
-9.6083e+00,-0.085,-0.095
-9.6006e+00,-0.085,-0.079
-9.5929e+00,-0.085,-0.097
-9.5853e+00,-0.085,-0.081
-9.5776e+00,-0.087,-0.095
-9.5699e+00,-0.087,-0.083
-9.5622e+00,-0.091,-0.101
-9.5545e+00,-0.091,-0.081
-9.5469e+00,-0.095,-0.103
-9.5392e+00,-0.093,-0.085
-9.5315e+00,-0.093,-0.101
-9.5238e+00,-0.093,-0.087
-9.5161e+00,-0.095,-0.103
-9.5084e+00,-0.095,-0.079
-9.5008e+00,-0.093,-0.109
-9.4931e+00,-0.095,-0.089
-9.4854e+00,-0.093,-0.105
-9.4777e+00,-0.099,-0.091
-9.4700e+00,-0.097,-0.107
-9.4624e+00,-0.099,-0.089
-9.4547e+00,-0.099,-0.113
-9.4470e+00,-0.103,-0.093
-9.4393e+00,-0.103,-0.111
-9.4316e+00,-0.101,-0.093
-9.4240e+00,-0.105,-0.115
-9.4163e+00,-0.101,-0.097
-9.4086e+00,-0.103,-0.111
-9.4009e+00,-0.103,-0.097
-9.3932e+00,-0.105,-0.117
-9.3856e+00,-0.101,-0.097
-9.3779e+00,-0.107,-0.119
-9.3702e+00,-0.107,-0.099
-9.3625e+00,-0.109,-0.119
-9.3548e+00,-0.109,-0.101
-9.3472e+00,-0.113,-0.119
-9.3395e+00,-0.113,-0.103
-9.3318e+00,-0.113,-0.123
-9.3241e+00,-0.113,-0.107
-9.3164e+00,-0.113,-0.125
-9.3088e+00,-0.113,-0.107
-9.3011e+00,-0.115,-0.127
-9.2934e+00,-0.113,-0.109
-9.2857e+00,-0.113,-0.129
-9.2780e+00,-0.117,-0.111
-9.2704e+00,-0.117,-0.127
-9.2627e+00,-0.123,-0.113
-9.2550e+00,-0.121,-0.131
-9.2473e+00,-0.123,-0.115
-9.2396e+00,-0.123,-0.131
-9.2320e+00,-0.123,-0.117
-9.2243e+00,-0.125,-0.135
-9.2166e+00,-0.125,-0.119
-9.2089e+00,-0.125,-0.137
-9.2012e+00,-0.123,-0.119
-9.1935e+00,-0.127,-0.137
-9.1859e+00,-0.127,-0.121
-9.1782e+00,-0.131,-0.141
-9.1705e+00,-0.133,-0.125
-9.1628e+00,-0.135,-0.143
-9.1551e+00,-0.131,-0.127
-9.1475e+00,-0.137,-0.145
-9.1398e+00,-0.137,-0.129
-9.1321e+00,-0.137,-0.147
-9.1244e+00,-0.139,-0.131
-9.1167e+00,-0.137,-0.147
-9.1091e+00,-0.139,-0.131
-9.1014e+00,-0.137,-0.155
-9.0937e+00,-0.141,-0.135
-9.0860e+00,-0.139,-0.155
-9.0783e+00,-0.145,-0.137
-9.0707e+00,-0.145,-0.153
-9.0630e+00,-0.149,-0.139
-9.0553e+00,-0.147,-0.155
-9.0476e+00,-0.151,-0.141
-9.0399e+00,-0.147,-0.157
-9.0323e+00,-0.151,-0.141
-9.0246e+00,-0.151,-0.161
-9.0169e+00,-0.149,-0.143
-9.0092e+00,-0.151,-0.163
-9.0015e+00,-0.149,-0.145
-8.9939e+00,-0.153,-0.163
-8.9862e+00,-0.153,-0.147
-8.9785e+00,-0.157,-0.165
-8.9708e+00,-0.157,-0.149
-8.9631e+00,-0.161,-0.167
-8.9555e+00,-0.159,-0.151
-8.9478e+00,-0.163,-0.173
-8.9401e+00,-0.163,-0.153
-8.9324e+00,-0.163,-0.173
-8.9247e+00,-0.161,-0.155
-8.9171e+00,-0.163,-0.177
-8.9094e+00,-0.163,-0.157
-8.9017e+00,-0.161,-0.181
-8.8940e+00,-0.167,-0.159
-8.8863e+00,-0.163,-0.177
-8.8786e+00,-0.169,-0.161
-8.8710e+00,-0.169,-0.181
-8.8633e+00,-0.173,-0.163
-8.8556e+00,-0.173,-0.183
-8.8479e+00,-0.177,-0.165
-8.8402e+00,-0.175,-0.183
-8.8326e+00,-0.175,-0.167
-8.8249e+00,-0.175,-0.185
-8.8172e+00,-0.175,-0.169
-8.8095e+00,-0.175,-0.187
-8.8018e+00,-0.173,-0.169
-8.7942e+00,-0.177,-0.191
-8.7865e+00,-0.177,-0.171
-8.7788e+00,-0.183,-0.191
-8.7711e+00,-0.181,-0.173
-8.7634e+00,-0.185,-0.193
-8.7558e+00,-0.185,-0.175
-8.7481e+00,-0.187,-0.195
-8.7404e+00,-0.187,-0.177
-8.7327e+00,-0.187,-0.195
-8.7250e+00,-0.183,-0.179
-8.7174e+00,-0.187,-0.197
-8.7097e+00,-0.189,-0.181
-8.7020e+00,-0.187,-0.201
-8.6943e+00,-0.191,-0.183
-8.6866e+00,-0.189,-0.203
-8.6790e+00,-0.197,-0.187
-8.6713e+00,-0.193,-0.205
-8.6636e+00,-0.199,-0.187
-8.6559e+00,-0.197,-0.205
-8.6482e+00,-0.199,-0.189
-8.6406e+00,-0.201,-0.207
-8.6329e+00,-0.199,-0.191
-8.6252e+00,-0.199,-0.209
-8.6175e+00,-0.197,-0.191
-8.6098e+00,-0.199,-0.215
-8.6022e+00,-0.197,-0.193
-8.5945e+00,-0.201,-0.213
-8.5868e+00,-0.201,-0.195
-8.5791e+00,-0.209,-0.217
-8.5714e+00,-0.205,-0.197
-8.5637e+00,-0.211,-0.221
-8.5561e+00,-0.209,-0.199
-8.5484e+00,-0.211,-0.221
-8.5407e+00,-0.209,-0.201
-8.5330e+00,-0.209,-0.225
-8.5253e+00,-0.209,-0.201
-8.5177e+00,-0.207,-0.223
-8.5100e+00,-0.211,-0.203
-8.5023e+00,-0.211,-0.225
-8.4946e+00,-0.215,-0.205
-8.4869e+00,-0.211,-0.225
-8.4793e+00,-0.219,-0.207
-8.4716e+00,-0.217,-0.227
-8.4639e+00,-0.223,-0.207
-8.4562e+00,-0.219,-0.231
-8.4485e+00,-0.223,-0.209
-8.4409e+00,-0.221,-0.231
-8.4332e+00,-0.221,-0.211
-8.4255e+00,-0.219,-0.231
-8.4178e+00,-0.215,-0.211
-8.4101e+00,-0.221,-0.233
-8.4025e+00,-0.217,-0.213
-8.3948e+00,-0.225,-0.239
-8.3871e+00,-0.223,-0.215
-8.3794e+00,-0.229,-0.235
-8.3717e+00,-0.225,-0.215
-8.3641e+00,-0.231,-0.243
-8.3564e+00,-0.229,-0.219
-8.3487e+00,-0.229,-0.239
-8.3410e+00,-0.229,-0.219
-8.3333e+00,-0.227,-0.239
-8.3257e+00,-0.227,-0.219
-8.3180e+00,-0.225,-0.241
-8.3103e+00,-0.229,-0.219
-8.3026e+00,-0.225,-0.243
-8.2949e+00,-0.231,-0.221
-8.2873e+00,-0.229,-0.241
-8.2796e+00,-0.233,-0.221
-8.2719e+00,-0.231,-0.243
-8.2642e+00,-0.235,-0.221
-8.2565e+00,-0.233,-0.245
-8.2488e+00,-0.235,-0.223
-8.2412e+00,-0.233,-0.247
-8.2335e+00,-0.229,-0.223
-8.2258e+00,-0.233,-0.245
-8.2181e+00,-0.229,-0.223
-8.2104e+00,-0.231,-0.245
-8.2028e+00,-0.227,-0.225
-8.1951e+00,-0.237,-0.245
-8.1874e+00,-0.231,-0.225
-8.1797e+00,-0.239,-0.247
-8.1720e+00,-0.237,-0.225
-8.1644e+00,-0.243,-0.249
-8.1567e+00,-0.239,-0.227
-8.1490e+00,-0.239,-0.247
-8.1413e+00,-0.237,-0.225
-8.1336e+00,-0.233,-0.249
-8.1260e+00,-0.233,-0.227
-8.1183e+00,-0.231,-0.247
-8.1106e+00,-0.235,-0.227
-8.1029e+00,-0.233,-0.251
-8.0952e+00,-0.239,-0.227
-8.0876e+00,-0.235,-0.249
-8.0799e+00,-0.243,-0.229
-8.0722e+00,-0.241,-0.247
-8.0645e+00,-0.243,-0.229
-8.0568e+00,-0.241,-0.251
-8.0492e+00,-0.237,-0.225
-8.0415e+00,-0.239,-0.247
-8.0338e+00,-0.235,-0.227
-8.0261e+00,-0.235,-0.249
-8.0184e+00,-0.233,-0.227
-8.0108e+00,-0.237,-0.249
-8.0031e+00,-0.235,-0.229
-7.9954e+00,-0.241,-0.251
-7.9877e+00,-0.237,-0.227
-7.9800e+00,-0.241,-0.249
-7.9724e+00,-0.239,-0.229
-7.9647e+00,-0.243,-0.251
-7.9570e+00,-0.241,-0.227
-7.9493e+00,-0.241,-0.249
-7.9416e+00,-0.237,-0.227
-7.9339e+00,-0.233,-0.247
-7.9263e+00,-0.233,-0.227
-7.9186e+00,-0.231,-0.247
-7.9109e+00,-0.235,-0.225
-7.9032e+00,-0.231,-0.245
-7.8955e+00,-0.237,-0.227
-7.8879e+00,-0.235,-0.247
-7.8802e+00,-0.239,-0.225
-7.8725e+00,-0.239,-0.247
-7.8648e+00,-0.241,-0.225
-7.8571e+00,-0.237,-0.245
-7.8495e+00,-0.235,-0.225
-7.8418e+00,-0.233,-0.245
-7.8341e+00,-0.231,-0.225
-7.8264e+00,-0.231,-0.245
-7.8187e+00,-0.229,-0.223
-7.8111e+00,-0.233,-0.245
-7.8034e+00,-0.227,-0.221
-7.7957e+00,-0.233,-0.243
-7.7880e+00,-0.231,-0.221
-7.7803e+00,-0.233,-0.241
-7.7727e+00,-0.231,-0.219
-7.7650e+00,-0.233,-0.241
-7.7573e+00,-0.229,-0.219
-7.7496e+00,-0.227,-0.237
-7.7419e+00,-0.229,-0.217
-7.7343e+00,-0.221,-0.237
-7.7266e+00,-0.223,-0.215
-7.7189e+00,-0.221,-0.235
-7.7112e+00,-0.225,-0.213
-7.7035e+00,-0.219,-0.233
-7.6959e+00,-0.225,-0.213
-7.6882e+00,-0.223,-0.235
-7.6805e+00,-0.227,-0.211
-7.6728e+00,-0.223,-0.233
-7.6651e+00,-0.223,-0.207
-7.6575e+00,-0.221,-0.235
-7.6498e+00,-0.219,-0.207
-7.6421e+00,-0.217,-0.231
-7.6344e+00,-0.215,-0.207
-7.6267e+00,-0.215,-0.229
-7.6190e+00,-0.211,-0.207
-7.6114e+00,-0.215,-0.227
-7.6037e+00,-0.211,-0.205
-7.5960e+00,-0.215,-0.223
-7.5883e+00,-0.213,-0.203
-7.5806e+00,-0.215,-0.225
-7.5730e+00,-0.209,-0.201
-7.5653e+00,-0.211,-0.219
-7.5576e+00,-0.209,-0.197
-7.5499e+00,-0.205,-0.221
-7.5422e+00,-0.205,-0.195
-7.5346e+00,-0.203,-0.213
-7.5269e+00,-0.203,-0.193
-7.5192e+00,-0.199,-0.213
-7.5115e+00,-0.201,-0.191
-7.5038e+00,-0.197,-0.207
-7.4962e+00,-0.201,-0.189
-7.4885e+00,-0.197,-0.213
-7.4808e+00,-0.201,-0.185
-7.4731e+00,-0.197,-0.205
-7.4654e+00,-0.197,-0.183
-7.4578e+00,-0.195,-0.205
-7.4501e+00,-0.193,-0.181
-7.4424e+00,-0.191,-0.201
-7.4347e+00,-0.185,-0.177
-7.4270e+00,-0.187,-0.201
-7.4194e+00,-0.183,-0.179
-7.4117e+00,-0.185,-0.195
-7.4040e+00,-0.181,-0.173
-7.3963e+00,-0.185,-0.195
-7.3886e+00,-0.181,-0.171
-7.3810e+00,-0.183,-0.189
-7.3733e+00,-0.179,-0.167
-7.3656e+00,-0.179,-0.187
-7.3579e+00,-0.175,-0.165
-7.3502e+00,-0.169,-0.183
-7.3425e+00,-0.171,-0.163
-7.3349e+00,-0.167,-0.181
-7.3272e+00,-0.171,-0.161
-7.3195e+00,-0.165,-0.177
-7.3118e+00,-0.167,-0.159
-7.3041e+00,-0.165,-0.173
-7.2965e+00,-0.167,-0.155
-7.2888e+00,-0.163,-0.177
-7.2811e+00,-0.165,-0.153
-7.2734e+00,-0.163,-0.171
-7.2657e+00,-0.161,-0.149
-7.2581e+00,-0.157,-0.171
-7.2504e+00,-0.155,-0.147
-7.2427e+00,-0.155,-0.165
-7.2350e+00,-0.151,-0.145
-7.2273e+00,-0.153,-0.165
-7.2197e+00,-0.151,-0.143
-7.2120e+00,-0.151,-0.161
-7.2043e+00,-0.149,-0.141
-7.1966e+00,-0.153,-0.157
-7.1889e+00,-0.147,-0.137
-7.1813e+00,-0.147,-0.157
-7.1736e+00,-0.145,-0.135
-7.1659e+00,-0.141,-0.151
-7.1582e+00,-0.141,-0.127
-7.1505e+00,-0.137,-0.151
-7.1429e+00,-0.137,-0.129
-7.1352e+00,-0.133,-0.143
-7.1275e+00,-0.133,-0.125
-7.1198e+00,-0.131,-0.141
-7.1121e+00,-0.133,-0.123
-7.1045e+00,-0.129,-0.141
-7.0968e+00,-0.133,-0.121
-7.0891e+00,-0.127,-0.141
-7.0814e+00,-0.127,-0.117
-7.0737e+00,-0.127,-0.135
-7.0661e+00,-0.125,-0.113
-7.0584e+00,-0.121,-0.133
-7.0507e+00,-0.121,-0.111
-7.0430e+00,-0.119,-0.133
-7.0353e+00,-0.115,-0.105
-7.0276e+00,-0.117,-0.131
-7.0200e+00,-0.113,-0.109
-7.0123e+00,-0.117,-0.125
-7.0046e+00,-0.113,-0.101
-6.9969e+00,-0.115,-0.123
-6.9892e+00,-0.113,-0.103
-6.9816e+00,-0.111,-0.119
-6.9739e+00,-0.109,-0.095
-6.9662e+00,-0.107,-0.119
-6.9585e+00,-0.105,-0.097
-6.9508e+00,-0.101,-0.113
-6.9432e+00,-0.101,-0.093
-6.9355e+00,-0.099,-0.109
-6.9278e+00,-0.101,-0.091
-6.9201e+00,-0.097,-0.105
-6.9124e+00,-0.099,-0.089
-6.9048e+00,-0.095,-0.105
-6.8971e+00,-0.095,-0.085
-6.8894e+00,-0.093,-0.103
-6.8817e+00,-0.093,-0.077
-6.8740e+00,-0.091,-0.109
-6.8664e+00,-0.089,-0.081
-6.8587e+00,-0.089,-0.097
-6.8510e+00,-0.087,-0.079
-6.8433e+00,-0.085,-0.095
-6.8356e+00,-0.083,-0.077
-6.8280e+00,-0.083,-0.091
-6.8203e+00,-0.081,-0.075
-6.8126e+00,-0.081,-0.091
-6.8049e+00,-0.079,-0.071
-6.7972e+00,-0.081,-0.087
-6.7896e+00,-0.077,-0.071
-6.7819e+00,-0.077,-0.085
-6.7742e+00,-0.077,-0.065
-6.7665e+00,-0.073,-0.085
-6.7588e+00,-0.073,-0.065
-6.7512e+00,-0.073,-0.081
-6.7435e+00,-0.071,-0.061
-6.7358e+00,-0.067,-0.081
-6.7281e+00,-0.071,-0.063
-6.7204e+00,-0.067,-0.075
-6.7127e+00,-0.069,-0.061
-6.7051e+00,-0.065,-0.077
-6.6974e+00,-0.067,-0.057
-6.6897e+00,-0.063,-0.075
-6.6820e+00,-0.065,-0.057
-6.6743e+00,-0.063,-0.073
-6.6667e+00,-0.061,-0.053
-6.6590e+00,-0.061,-0.071
-6.6513e+00,-0.059,-0.051
-6.6436e+00,-0.059,-0.069
-6.6359e+00,-0.057,-0.051
-6.6283e+00,-0.057,-0.065
-6.6206e+00,-0.053,-0.047
-6.6129e+00,-0.055,-0.065
-6.6052e+00,-0.053,-0.049
-6.5975e+00,-0.055,-0.061
-6.5899e+00,-0.053,-0.043
-6.5822e+00,-0.053,-0.061
-6.5745e+00,-0.051,-0.041
-6.5668e+00,-0.051,-0.061
-6.5591e+00,-0.051,-0.037
-6.5515e+00,-0.047,-0.061
-6.5438e+00,-0.047,-0.039
-6.5361e+00,-0.047,-0.057
-6.5284e+00,-0.047,-0.039
-6.5207e+00,-0.045,-0.051
-6.5131e+00,-0.045,-0.037
-6.5054e+00,-0.045,-0.053
-6.4977e+00,-0.045,-0.035
-6.4900e+00,-0.041,-0.053
-6.4823e+00,-0.041,-0.035
-6.4747e+00,-0.041,-0.049
-6.4670e+00,-0.039,-0.033
-6.4593e+00,-0.039,-0.047
-6.4516e+00,-0.039,-0.029
-6.4439e+00,-0.039,-0.049
-6.4363e+00,-0.037,-0.031
-6.4286e+00,-0.039,-0.049
-6.4209e+00,-0.037,-0.025
-6.4132e+00,-0.035,-0.047
-6.4055e+00,-0.035,-0.025
-6.3978e+00,-0.035,-0.047
-6.3902e+00,-0.035,-0.025
-6.3825e+00,-0.035,-0.045
-6.3748e+00,-0.035,-0.021
-6.3671e+00,-0.033,-0.047
-6.3594e+00,-0.033,-0.025
-6.3518e+00,-0.033,-0.039
-6.3441e+00,-0.031,-0.021
-6.3364e+00,-0.031,-0.043
-6.3287e+00,-0.031,-0.025
-6.3210e+00,-0.031,-0.037
-6.3134e+00,-0.029,-0.023
-6.3057e+00,-0.029,-0.039
-6.2980e+00,-0.033,-0.021
-6.2903e+00,-0.029,-0.039
-6.2826e+00,-0.029,-0.023
-6.2750e+00,-0.027,-0.037
-6.2673e+00,-0.025,-0.017
-6.2596e+00,-0.027,-0.037
-6.2519e+00,-0.027,-0.015
-6.2442e+00,-0.025,-0.039
-6.2366e+00,-0.027,-0.013
-6.2289e+00,-0.025,-0.039
-6.2212e+00,-0.025,-0.017
-6.2135e+00,-0.027,-0.033
-6.2058e+00,-0.025,-0.017
-6.1982e+00,-0.025,-0.033
-6.1905e+00,-0.023,-0.015
-6.1828e+00,-0.025,-0.035
-6.1751e+00,-0.023,-0.017
-6.1674e+00,-0.021,-0.033
-6.1598e+00,-0.023,-0.017
-6.1521e+00,-0.023,-0.031
-6.1444e+00,-0.023,-0.017
-6.1367e+00,-0.021,-0.029
-6.1290e+00,-0.023,-0.009
-6.1214e+00,-0.021,-0.033
-6.1137e+00,-0.021,-0.013
-6.1060e+00,-0.023,-0.031
-6.0983e+00,-0.021,-0.011
-6.0906e+00,-0.021,-0.033
-6.0829e+00,-0.021,-0.013
-6.0753e+00,-0.021,-0.029
-6.0676e+00,-0.019,-0.013
-6.0599e+00,-0.019,-0.029
-6.0522e+00,-0.017,-0.009
-6.0445e+00,-0.019,-0.029
-6.0369e+00,-0.017,-0.009
-6.0292e+00,-0.019,-0.031
-6.0215e+00,-0.019,-0.011
-6.0138e+00,-0.019,-0.029
-6.0061e+00,-0.019,-0.013
-5.9985e+00,-0.019,-0.027
-5.9908e+00,-0.019,-0.009
-5.9831e+00,-0.019,-0.029
-5.9754e+00,-0.019,-0.009
-5.9677e+00,-0.019,-0.027
-5.9601e+00,-0.019,-0.005
-5.9524e+00,-0.019,-0.029
-5.9447e+00,-0.017,-0.011
-5.9370e+00,-0.017,-0.023
-5.9293e+00,-0.015,-0.007
-5.9217e+00,-0.017,-0.027
-5.9140e+00,-0.017,-0.009
-5.9063e+00,-0.017,-0.027
-5.8986e+00,-0.015,-0.005
-5.8909e+00,-0.017,-0.027
-5.8833e+00,-0.015,-0.007
-5.8756e+00,-0.015,-0.025
-5.8679e+00,-0.015,-0.007
-5.8602e+00,-0.015,-0.025
-5.8525e+00,-0.013,-0.005
-5.8449e+00,-0.017,-0.025
-5.8372e+00,-0.015,-0.009
-5.8295e+00,-0.015,-0.023
-5.8218e+00,-0.015,-0.009
-5.8141e+00,-0.017,-0.023
-5.8065e+00,-0.015,-0.007
-5.7988e+00,-0.015,-0.025
-5.7911e+00,-0.013,-0.007
-5.7834e+00,-0.017,-0.023
-5.7757e+00,-0.013,-0.007
-5.7680e+00,-0.013,-0.023
-5.7604e+00,-0.015,-0.007
-5.7527e+00,-0.015,-0.023
-5.7450e+00,-0.015,-0.009
-5.7373e+00,-0.015,-0.021
-5.7296e+00,-0.013,-0.007
-5.7220e+00,-0.013,-0.021
-5.7143e+00,-0.013,-0.009
-5.7066e+00,-0.013,-0.019
-5.6989e+00,-0.013,-0.007
-5.6912e+00,-0.013,-0.021
-5.6836e+00,-0.011,-0.003
-5.6759e+00,-0.013,-0.023
-5.6682e+00,-0.015,-0.005
-5.6605e+00,-0.013,-0.023
-5.6528e+00,-0.013,-0.005
-5.6452e+00,-0.013,-0.023
-5.6375e+00,-0.015,-0.003
-5.6298e+00,-0.015,-0.025
-5.6221e+00,-0.011,-0.003
-5.6144e+00,-0.015,-0.025
-5.6068e+00,-0.013,-0.005
-5.5991e+00,-0.013,-0.025
-5.5914e+00,-0.015,0.001
-5.5837e+00,-0.013,-0.027
-5.5760e+00,-0.013,-0.007
-5.5684e+00,-0.011,-0.023
-5.5607e+00,-0.011,-0.005
-5.5530e+00,-0.011,-0.023
-5.5453e+00,-0.013,-0.007
-5.5376e+00,-0.013,-0.019
-5.5300e+00,-0.013,-0.003
-5.5223e+00,-0.011,-0.023
-5.5146e+00,-0.013,-0.001
-5.5069e+00,-0.013,-0.025
-5.4992e+00,-0.011,-0.005
-5.4916e+00,-0.011,-0.019
-5.4839e+00,-0.011,-0.005
-5.4762e+00,-0.013,-0.023
-5.4685e+00,-0.013,-0.005
-5.4608e+00,-0.013,-0.021
-5.4531e+00,-0.013,-0.003
-5.4455e+00,-0.013,-0.025
-5.4378e+00,-0.011,-0.003
-5.4301e+00,-0.011,-0.023
-5.4224e+00,-0.013,-0.005
-5.4147e+00,-0.013,-0.023
-5.4071e+00,-0.013,-0.003
-5.3994e+00,-0.013,-0.025
-5.3917e+00,-0.013,-0.007
-5.3840e+00,-0.011,-0.021
-5.3763e+00,-0.013,-0.001
-5.3687e+00,-0.013,-0.023
-5.3610e+00,-0.011,-0.003
-5.3533e+00,-0.011,-0.021
-5.3456e+00,-0.011,-0.007
-5.3379e+00,-0.013,-0.019
-5.3303e+00,-0.013,-0.005
-5.3226e+00,-0.011,-0.021
-5.3149e+00,-0.013,-0.003
-5.3072e+00,-0.013,-0.025
-5.2995e+00,-0.011,-0.005
-5.2919e+00,-0.013,-0.019
-5.2842e+00,-0.013,-0.003
-5.2765e+00,-0.011,-0.023
-5.2688e+00,-0.013,-0.005
-5.2611e+00,-0.013,-0.021
-5.2535e+00,-0.015,-0.003
-5.2458e+00,-0.013,-0.023
-5.2381e+00,-0.013,-0.001
-5.2304e+00,-0.013,-0.027
-5.2227e+00,-0.011,-0.003
-5.2151e+00,-0.011,-0.023
-5.2074e+00,-0.011,-0.007
-5.1997e+00,-0.013,-0.019
-5.1920e+00,-0.011,-0.003
-5.1843e+00,-0.013,-0.025
-5.1767e+00,-0.013,-0.003
-5.1690e+00,-0.013,-0.025
-5.1613e+00,-0.013,-0.007
-5.1536e+00,-0.013,-0.019
-5.1459e+00,-0.011,-0.005
-5.1382e+00,-0.011,-0.023
-5.1306e+00,-0.013,-0.005
-5.1229e+00,-0.013,-0.023
-5.1152e+00,-0.013,-0.003
-5.1075e+00,-0.013,-0.023
-5.0998e+00,-0.013,-0.003
-5.0922e+00,-0.011,-0.025
-5.0845e+00,-0.011,-0.007
-5.0768e+00,-0.013,-0.021
-5.0691e+00,-0.013,-0.007
-5.0614e+00,-0.013,-0.023
-5.0538e+00,-0.013,-0.003
-5.0461e+00,-0.015,-0.025
-5.0384e+00,-0.013,-0.001
-5.0307e+00,-0.013,-0.027
-5.0230e+00,-0.013,-0.007
-5.0154e+00,-0.013,-0.023
-5.0077e+00,-0.015,-0.003
-5.0000e+00,-0.013,-0.025
-4.9923e+00,-0.015,-0.003
-4.9846e+00,-0.013,-0.027
-4.9770e+00,-0.015,-0.005
-4.9693e+00,-0.013,-0.023
-4.9616e+00,-0.013,-0.009
-4.9539e+00,-0.013,-0.021
-4.9462e+00,-0.015,-0.005
-4.9386e+00,-0.013,-0.023
-4.9309e+00,-0.013,-0.005
-4.9232e+00,-0.013,-0.025
-4.9155e+00,-0.015,-0.005
-4.9078e+00,-0.015,-0.023
-4.9002e+00,-0.015,-0.005
-4.8925e+00,-0.013,-0.027
-4.8848e+00,-0.015,-0.005
-4.8771e+00,-0.015,-0.027
-4.8694e+00,-0.013,-0.005
-4.8618e+00,-0.013,-0.023
-4.8541e+00,-0.013,-0.003
-4.8464e+00,-0.015,-0.025
-4.8387e+00,-0.015,-0.003
-4.8310e+00,-0.015,-0.027
-4.8233e+00,-0.015,-0.005
-4.8157e+00,-0.015,-0.027
-4.8080e+00,-0.015,-0.005
-4.8003e+00,-0.015,-0.025
-4.7926e+00,-0.015,-0.005
-4.7849e+00,-0.015,-0.023
-4.7773e+00,-0.017,-0.007
-4.7696e+00,-0.015,-0.027
-4.7619e+00,-0.015,-0.011
-4.7542e+00,-0.015,-0.023
-4.7465e+00,-0.015,-0.005
-4.7389e+00,-0.015,-0.029
-4.7312e+00,-0.015,-0.007
-4.7235e+00,-0.017,-0.027
-4.7158e+00,-0.017,-0.005
-4.7081e+00,-0.015,-0.029
-4.7005e+00,-0.015,-0.005
-4.6928e+00,-0.017,-0.027
-4.6851e+00,-0.017,-0.007
-4.6774e+00,-0.015,-0.027
-4.6697e+00,-0.015,-0.009
-4.6621e+00,-0.015,-0.023
-4.6544e+00,-0.017,-0.007
-4.6467e+00,-0.019,-0.029
-4.6390e+00,-0.017,-0.009
-4.6313e+00,-0.017,-0.029
-4.6237e+00,-0.015,-0.009
-4.6160e+00,-0.017,-0.027
-4.6083e+00,-0.017,-0.007
-4.6006e+00,-0.017,-0.029
-4.5929e+00,-0.017,-0.009
-4.5853e+00,-0.019,-0.025
-4.5776e+00,-0.017,-0.009
-4.5699e+00,-0.017,-0.029
-4.5622e+00,-0.019,-0.013
-4.5545e+00,-0.017,-0.025
-4.5469e+00,-0.019,-0.011
-4.5392e+00,-0.017,-0.027
-4.5315e+00,-0.017,-0.013
-4.5238e+00,-0.019,-0.027
-4.5161e+00,-0.019,-0.009
-4.5084e+00,-0.019,-0.031
-4.5008e+00,-0.019,-0.013
-4.4931e+00,-0.017,-0.029
-4.4854e+00,-0.017,-0.013
-4.4777e+00,-0.019,-0.027
-4.4700e+00,-0.019,-0.009
-4.4624e+00,-0.019,-0.029
-4.4547e+00,-0.021,-0.011
-4.4470e+00,-0.019,-0.031
-4.4393e+00,-0.021,-0.013
-4.4316e+00,-0.021,-0.031
-4.4240e+00,-0.021,-0.013
-4.4163e+00,-0.021,-0.031
-4.4086e+00,-0.019,-0.011
-4.4009e+00,-0.021,-0.033
-4.3932e+00,-0.021,-0.013
-4.3856e+00,-0.021,-0.031
-4.3779e+00,-0.021,-0.011
-4.3702e+00,-0.023,-0.033
-4.3625e+00,-0.023,-0.013
-4.3548e+00,-0.021,-0.033
-4.3472e+00,-0.021,-0.011
-4.3395e+00,-0.023,-0.035
-4.3318e+00,-0.025,-0.013
-4.3241e+00,-0.023,-0.033
-4.3164e+00,-0.023,-0.013
-4.3088e+00,-0.023,-0.035
-4.3011e+00,-0.023,-0.015
-4.2934e+00,-0.023,-0.033
-4.2857e+00,-0.023,-0.017
-4.2780e+00,-0.025,-0.033
-4.2704e+00,-0.023,-0.015
-4.2627e+00,-0.025,-0.033
-4.2550e+00,-0.023,-0.015
-4.2473e+00,-0.025,-0.037
-4.2396e+00,-0.025,-0.015
-4.2320e+00,-0.025,-0.033
-4.2243e+00,-0.025,-0.019
-4.2166e+00,-0.025,-0.033
-4.2089e+00,-0.023,-0.017
-4.2012e+00,-0.027,-0.035
-4.1935e+00,-0.027,-0.019
-4.1859e+00,-0.027,-0.035
-4.1782e+00,-0.025,-0.023
-4.1705e+00,-0.027,-0.033
-4.1628e+00,-0.029,-0.021
-4.1551e+00,-0.029,-0.035
-4.1475e+00,-0.029,-0.023
-4.1398e+00,-0.029,-0.035
-4.1321e+00,-0.027,-0.021
-4.1244e+00,-0.029,-0.037
-4.1167e+00,-0.031,-0.015
-4.1091e+00,-0.029,-0.043
-4.1014e+00,-0.027,-0.021
-4.0937e+00,-0.029,-0.041
-4.0860e+00,-0.031,-0.023
-4.0783e+00,-0.029,-0.039
-4.0707e+00,-0.029,-0.023
-4.0630e+00,-0.033,-0.041
-4.0553e+00,-0.031,-0.023
-4.0476e+00,-0.029,-0.039
-4.0399e+00,-0.033,-0.021
-4.0323e+00,-0.033,-0.043
-4.0246e+00,-0.031,-0.025
-4.0169e+00,-0.033,-0.041
-4.0092e+00,-0.031,-0.025
-4.0015e+00,-0.031,-0.043
-3.9939e+00,-0.033,-0.021
-3.9862e+00,-0.033,-0.047
-3.9785e+00,-0.033,-0.029
-3.9708e+00,-0.033,-0.041
-3.9631e+00,-0.037,-0.027
-3.9555e+00,-0.035,-0.043
-3.9478e+00,-0.037,-0.029
-3.9401e+00,-0.037,-0.045
-3.9324e+00,-0.037,-0.025
-3.9247e+00,-0.037,-0.049
-3.9171e+00,-0.039,-0.031
-3.9094e+00,-0.039,-0.047
-3.9017e+00,-0.037,-0.027
-3.8940e+00,-0.039,-0.049
-3.8863e+00,-0.037,-0.029
-3.8786e+00,-0.039,-0.047
-3.8710e+00,-0.039,-0.031
-3.8633e+00,-0.039,-0.047
-3.8556e+00,-0.039,-0.033
-3.8479e+00,-0.043,-0.049
-3.8402e+00,-0.041,-0.033
-3.8326e+00,-0.041,-0.049
-3.8249e+00,-0.041,-0.033
-3.8172e+00,-0.043,-0.051
-3.8095e+00,-0.041,-0.035
-3.8018e+00,-0.041,-0.053
-3.7942e+00,-0.041,-0.037
-3.7865e+00,-0.041,-0.053
-3.7788e+00,-0.043,-0.033
-3.7711e+00,-0.043,-0.055
-3.7634e+00,-0.045,-0.037
-3.7558e+00,-0.045,-0.053
-3.7481e+00,-0.047,-0.035
-3.7404e+00,-0.045,-0.055
-3.7327e+00,-0.045,-0.037
-3.7250e+00,-0.045,-0.057
-3.7174e+00,-0.047,-0.039
-3.7097e+00,-0.047,-0.055
-3.7020e+00,-0.045,-0.037
-3.6943e+00,-0.047,-0.059
-3.6866e+00,-0.045,-0.037
-3.6790e+00,-0.049,-0.059
-3.6713e+00,-0.045,-0.041
-3.6636e+00,-0.051,-0.059
-3.6559e+00,-0.051,-0.041
-3.6482e+00,-0.053,-0.057
-3.6406e+00,-0.051,-0.041
-3.6329e+00,-0.051,-0.059
-3.6252e+00,-0.049,-0.043
-3.6175e+00,-0.051,-0.059
-3.6098e+00,-0.051,-0.045
-3.6022e+00,-0.051,-0.063
-3.5945e+00,-0.053,-0.043
-3.5868e+00,-0.051,-0.065
-3.5791e+00,-0.053,-0.043
-3.5714e+00,-0.055,-0.063
-3.5637e+00,-0.055,-0.047
-3.5561e+00,-0.057,-0.065
-3.5484e+00,-0.057,-0.041
-3.5407e+00,-0.055,-0.071
-3.5330e+00,-0.057,-0.051
-3.5253e+00,-0.057,-0.063
-3.5177e+00,-0.059,-0.049
-3.5100e+00,-0.057,-0.069
-3.5023e+00,-0.057,-0.051
-3.4946e+00,-0.057,-0.067
-3.4869e+00,-0.057,-0.051
-3.4793e+00,-0.061,-0.069
-3.4716e+00,-0.059,-0.053
-3.4639e+00,-0.061,-0.071
-3.4562e+00,-0.061,-0.055
-3.4485e+00,-0.065,-0.069
-3.4409e+00,-0.063,-0.053
-3.4332e+00,-0.065,-0.073
-3.4255e+00,-0.063,-0.053
-3.4178e+00,-0.061,-0.077
-3.4101e+00,-0.063,-0.057
-3.4025e+00,-0.063,-0.075
-3.3948e+00,-0.065,-0.059
-3.3871e+00,-0.063,-0.077
-3.3794e+00,-0.067,-0.061
-3.3717e+00,-0.067,-0.073
-3.3641e+00,-0.069,-0.055
-3.3564e+00,-0.067,-0.083
-3.3487e+00,-0.071,-0.063
-3.3410e+00,-0.071,-0.077
-3.3333e+00,-0.071,-0.061
-3.3257e+00,-0.071,-0.079
-3.3180e+00,-0.071,-0.063
-3.3103e+00,-0.071,-0.081
-3.3026e+00,-0.069,-0.063
-3.2949e+00,-0.073,-0.083
-3.2873e+00,-0.073,-0.065
-3.2796e+00,-0.075,-0.085
-3.2719e+00,-0.073,-0.061
-3.2642e+00,-0.075,-0.087
-3.2565e+00,-0.075,-0.069
-3.2488e+00,-0.077,-0.085
-3.2412e+00,-0.079,-0.067
-3.2335e+00,-0.077,-0.087
-3.2258e+00,-0.077,-0.071
-3.2181e+00,-0.079,-0.087
-3.2104e+00,-0.079,-0.071
-3.2028e+00,-0.079,-0.091
-3.1951e+00,-0.077,-0.075
-3.1874e+00,-0.079,-0.089
-3.1797e+00,-0.081,-0.071
-3.1720e+00,-0.083,-0.091
-3.1644e+00,-0.083,-0.073
-3.1567e+00,-0.085,-0.093
-3.1490e+00,-0.087,-0.077
-3.1413e+00,-0.087,-0.093
-3.1336e+00,-0.083,-0.073
-3.1260e+00,-0.085,-0.099
-3.1183e+00,-0.085,-0.079
-3.1106e+00,-0.085,-0.097
-3.1029e+00,-0.087,-0.079
-3.0952e+00,-0.089,-0.101
-3.0876e+00,-0.089,-0.081
-3.0799e+00,-0.091,-0.101
-3.0722e+00,-0.089,-0.081
-3.0645e+00,-0.091,-0.103
-3.0568e+00,-0.091,-0.083
-3.0492e+00,-0.093,-0.101
-3.0415e+00,-0.093,-0.085
-3.0338e+00,-0.093,-0.099
-3.0261e+00,-0.093,-0.079
-3.0184e+00,-0.091,-0.111
-3.0108e+00,-0.091,-0.087
-3.0031e+00,-0.093,-0.105
-2.9954e+00,-0.095,-0.089
-2.9877e+00,-0.093,-0.105
-2.9800e+00,-0.099,-0.087
-2.9724e+00,-0.099,-0.111
-2.9647e+00,-0.099,-0.091
-2.9570e+00,-0.099,-0.107
-2.9493e+00,-0.101,-0.089
-2.9416e+00,-0.101,-0.111
-2.9339e+00,-0.099,-0.093
-2.9263e+00,-0.099,-0.109
-2.9186e+00,-0.099,-0.091
-2.9109e+00,-0.101,-0.113
-2.9032e+00,-0.099,-0.091
-2.8955e+00,-0.103,-0.111
-2.8879e+00,-0.101,-0.095
-2.8802e+00,-0.103,-0.113
-2.8725e+00,-0.103,-0.093
-2.8648e+00,-0.105,-0.117
-2.8571e+00,-0.105,-0.095
-2.8495e+00,-0.107,-0.119
-2.8418e+00,-0.107,-0.099
-2.8341e+00,-0.107,-0.117
-2.8264e+00,-0.107,-0.101
-2.8187e+00,-0.107,-0.119
-2.8111e+00,-0.109,-0.101
-2.8034e+00,-0.107,-0.121
-2.7957e+00,-0.111,-0.103
-2.7880e+00,-0.109,-0.119
-2.7803e+00,-0.113,-0.103
-2.7727e+00,-0.113,-0.121
-2.7650e+00,-0.117,-0.105
-2.7573e+00,-0.113,-0.125
-2.7496e+00,-0.117,-0.107
-2.7419e+00,-0.117,-0.123
-2.7343e+00,-0.113,-0.107
-2.7266e+00,-0.117,-0.129
-2.7189e+00,-0.113,-0.109
-2.7112e+00,-0.115,-0.127
-2.7035e+00,-0.115,-0.109
-2.6959e+00,-0.119,-0.127
-2.6882e+00,-0.115,-0.111
-2.6805e+00,-0.121,-0.131
-2.6728e+00,-0.121,-0.105
-2.6651e+00,-0.123,-0.139
-2.6575e+00,-0.121,-0.115
-2.6498e+00,-0.123,-0.131
-2.6421e+00,-0.123,-0.115
-2.6344e+00,-0.123,-0.137
-2.6267e+00,-0.123,-0.115
-2.6190e+00,-0.121,-0.135
-2.6114e+00,-0.123,-0.117
-2.6037e+00,-0.123,-0.135
-2.5960e+00,-0.125,-0.117
-2.5883e+00,-0.127,-0.135
-2.5806e+00,-0.129,-0.117
-2.5730e+00,-0.127,-0.137
-2.5653e+00,-0.131,-0.115
-2.5576e+00,-0.129,-0.141
-2.5499e+00,-0.129,-0.121
-2.5422e+00,-0.127,-0.137
-2.5346e+00,-0.125,-0.119
-2.5269e+00,-0.129,-0.141
-2.5192e+00,-0.127,-0.117
-2.5115e+00,-0.129,-0.141
-2.5038e+00,-0.127,-0.121
-2.4962e+00,-0.131,-0.141
-2.4885e+00,-0.129,-0.123
-2.4808e+00,-0.133,-0.141
-2.4731e+00,-0.131,-0.121
-2.4654e+00,-0.133,-0.145
-2.4578e+00,-0.135,-0.125
-2.4501e+00,-0.131,-0.143
-2.4424e+00,-0.133,-0.125
-2.4347e+00,-0.133,-0.149
-2.4270e+00,-0.135,-0.127
-2.4194e+00,-0.131,-0.145
-2.4117e+00,-0.135,-0.129
-2.4040e+00,-0.133,-0.145
-2.3963e+00,-0.137,-0.129
-2.3886e+00,-0.135,-0.145
-2.3810e+00,-0.139,-0.129
-2.3733e+00,-0.137,-0.147
-2.3656e+00,-0.139,-0.131
-2.3579e+00,-0.139,-0.145
-2.3502e+00,-0.139,-0.129
-2.3425e+00,-0.137,-0.151
-2.3349e+00,-0.137,-0.131
-2.3272e+00,-0.137,-0.149
-2.3195e+00,-0.137,-0.131
-2.3118e+00,-0.139,-0.149
-2.3041e+00,-0.141,-0.131
-2.2965e+00,-0.141,-0.151
-2.2888e+00,-0.141,-0.131
-2.2811e+00,-0.143,-0.151
-2.2734e+00,-0.141,-0.133
-2.2657e+00,-0.143,-0.151
-2.2581e+00,-0.143,-0.135
-2.2504e+00,-0.141,-0.155
-2.2427e+00,-0.143,-0.131
-2.2350e+00,-0.139,-0.155
-2.2273e+00,-0.143,-0.135
-2.2197e+00,-0.139,-0.153
-2.2120e+00,-0.141,-0.135
-2.2043e+00,-0.141,-0.151
-2.1966e+00,-0.145,-0.133
-2.1889e+00,-0.143,-0.155
-2.1813e+00,-0.147,-0.137
-2.1736e+00,-0.147,-0.157
-2.1659e+00,-0.147,-0.137
-2.1582e+00,-0.145,-0.153
-2.1505e+00,-0.143,-0.135
-2.1429e+00,-0.145,-0.155
-2.1352e+00,-0.141,-0.137
-2.1275e+00,-0.143,-0.157
-2.1198e+00,-0.141,-0.137
-2.1121e+00,-0.145,-0.157
-2.1045e+00,-0.143,-0.137
-2.0968e+00,-0.149,-0.155
-2.0891e+00,-0.145,-0.137
-2.0814e+00,-0.147,-0.157
-2.0737e+00,-0.145,-0.137
-2.0661e+00,-0.149,-0.157
-2.0584e+00,-0.145,-0.137
-2.0507e+00,-0.145,-0.155
-2.0430e+00,-0.143,-0.137
-2.0353e+00,-0.145,-0.155
-2.0276e+00,-0.145,-0.133
-2.0200e+00,-0.141,-0.157
-2.0123e+00,-0.143,-0.137
-2.0046e+00,-0.141,-0.153
-1.9969e+00,-0.145,-0.135
-1.9892e+00,-0.145,-0.155
-1.9816e+00,-0.145,-0.137
-1.9739e+00,-0.145,-0.155
-1.9662e+00,-0.145,-0.135
-1.9585e+00,-0.147,-0.153
-1.9508e+00,-0.145,-0.137
-1.9432e+00,-0.145,-0.153
-1.9355e+00,-0.143,-0.137
-1.9278e+00,-0.143,-0.155
-1.9201e+00,-0.141,-0.137
-1.9124e+00,-0.143,-0.155
-1.9048e+00,-0.143,-0.135
-1.8971e+00,-0.143,-0.153
-1.8894e+00,-0.145,-0.135
-1.8817e+00,-0.145,-0.151
-1.8740e+00,-0.143,-0.135
-1.8664e+00,-0.143,-0.153
-1.8587e+00,-0.143,-0.131
-1.8510e+00,-0.141,-0.155
-1.8433e+00,-0.141,-0.133
-1.8356e+00,-0.139,-0.153
-1.8280e+00,-0.141,-0.133
-1.8203e+00,-0.139,-0.151
-1.8126e+00,-0.141,-0.133
-1.8049e+00,-0.139,-0.149
-1.7972e+00,-0.143,-0.133
-1.7896e+00,-0.141,-0.149
-1.7819e+00,-0.143,-0.131
-1.7742e+00,-0.141,-0.149
-1.7665e+00,-0.143,-0.131
-1.7588e+00,-0.139,-0.149
-1.7512e+00,-0.137,-0.127
-1.7435e+00,-0.137,-0.151
-1.7358e+00,-0.137,-0.129
-1.7281e+00,-0.137,-0.149
-1.7204e+00,-0.135,-0.129
-1.7127e+00,-0.137,-0.145
-1.7051e+00,-0.137,-0.127
-1.6974e+00,-0.139,-0.149
-1.6897e+00,-0.137,-0.127
-1.6820e+00,-0.139,-0.147
-1.6743e+00,-0.135,-0.127
-1.6667e+00,-0.135,-0.145
-1.6590e+00,-0.135,-0.125
-1.6513e+00,-0.133,-0.147
-1.6436e+00,-0.133,-0.123
-1.6359e+00,-0.131,-0.149
-1.6283e+00,-0.131,-0.121
-1.6206e+00,-0.131,-0.143
-1.6129e+00,-0.131,-0.123
-1.6052e+00,-0.131,-0.139
-1.5975e+00,-0.133,-0.121
-1.5899e+00,-0.131,-0.145
-1.5822e+00,-0.133,-0.123
-1.5745e+00,-0.133,-0.139
-1.5668e+00,-0.129,-0.119
-1.5591e+00,-0.127,-0.141
-1.5515e+00,-0.127,-0.119
-1.5438e+00,-0.127,-0.141
-1.5361e+00,-0.123,-0.119
-1.5284e+00,-0.125,-0.137
-1.5207e+00,-0.125,-0.117
-1.5131e+00,-0.127,-0.135
-1.5054e+00,-0.123,-0.117
-1.4977e+00,-0.127,-0.133
-1.4900e+00,-0.125,-0.115
-1.4823e+00,-0.127,-0.135
-1.4747e+00,-0.123,-0.113
-1.4670e+00,-0.123,-0.133
-1.4593e+00,-0.121,-0.111
-1.4516e+00,-0.121,-0.131
-1.4439e+00,-0.119,-0.107
-1.4363e+00,-0.117,-0.133
-1.4286e+00,-0.121,-0.111
-1.4209e+00,-0.117,-0.127
-1.4132e+00,-0.121,-0.105
-1.4055e+00,-0.119,-0.131
-1.3978e+00,-0.121,-0.109
-1.3902e+00,-0.117,-0.127
-1.3825e+00,-0.117,-0.109
-1.3748e+00,-0.119,-0.125
-1.3671e+00,-0.115,-0.101
-1.3594e+00,-0.115,-0.129
-1.3518e+00,-0.115,-0.107
-1.3441e+00,-0.113,-0.123
-1.3364e+00,-0.113,-0.103
-1.3287e+00,-0.111,-0.123
-1.3210e+00,-0.109,-0.103
-1.3134e+00,-0.111,-0.123
-1.3057e+00,-0.109,-0.103
-1.2980e+00,-0.113,-0.121
-1.2903e+00,-0.111,-0.101
-1.2826e+00,-0.111,-0.119
-1.2750e+00,-0.111,-0.099
-1.2673e+00,-0.107,-0.117
-1.2596e+00,-0.107,-0.099
-1.2519e+00,-0.103,-0.117
-1.2442e+00,-0.105,-0.095
-1.2366e+00,-0.103,-0.117
-1.2289e+00,-0.105,-0.097
-1.2212e+00,-0.103,-0.111
-1.2135e+00,-0.103,-0.095
-1.2058e+00,-0.103,-0.113
-1.1982e+00,-0.103,-0.095
-1.1905e+00,-0.101,-0.109
-1.1828e+00,-0.103,-0.093
-1.1751e+00,-0.101,-0.111
-1.1674e+00,-0.099,-0.089
-1.1598e+00,-0.097,-0.109
-1.1521e+00,-0.095,-0.089
-1.1444e+00,-0.097,-0.105
-1.1367e+00,-0.093,-0.087
-1.1290e+00,-0.095,-0.105
-1.1214e+00,-0.093,-0.085
-1.1137e+00,-0.093,-0.103
-1.1060e+00,-0.093,-0.085
-1.0983e+00,-0.093,-0.101
-1.0906e+00,-0.091,-0.085
-1.0829e+00,-0.093,-0.097
-1.0753e+00,-0.089,-0.081
-1.0676e+00,-0.089,-0.101
-1.0599e+00,-0.089,-0.081
-1.0522e+00,-0.087,-0.095
-1.0445e+00,-0.085,-0.079
-1.0369e+00,-0.085,-0.095
-1.0292e+00,-0.087,-0.079
-1.0215e+00,-0.083,-0.091
-1.0138e+00,-0.085,-0.075
-1.0061e+00,-0.083,-0.093
-9.9846e-01,-0.085,-0.077
-9.9078e-01,-0.083,-0.093
-9.8310e-01,-0.081,-0.075
-9.7542e-01,-0.081,-0.091
-9.6774e-01,-0.079,-0.071
-9.6006e-01,-0.079,-0.089
-9.5238e-01,-0.075,-0.071
-9.4470e-01,-0.079,-0.087
-9.3702e-01,-0.077,-0.069
-9.2934e-01,-0.075,-0.083
-9.2166e-01,-0.075,-0.069
-9.1398e-01,-0.077,-0.083
-9.0630e-01,-0.073,-0.063
-8.9862e-01,-0.075,-0.083
-8.9094e-01,-0.073,-0.063
-8.8326e-01,-0.073,-0.083
-8.7558e-01,-0.073,-0.059
-8.6790e-01,-0.071,-0.083
-8.6022e-01,-0.069,-0.061
-8.5253e-01,-0.067,-0.077
-8.4485e-01,-0.067,-0.057
-8.3717e-01,-0.065,-0.077
-8.2949e-01,-0.067,-0.059
-8.2181e-01,-0.065,-0.073
-8.1413e-01,-0.067,-0.059
-8.0645e-01,-0.065,-0.073
-7.9877e-01,-0.065,-0.057
-7.9109e-01,-0.065,-0.075
-7.8341e-01,-0.063,-0.055
-7.7573e-01,-0.063,-0.071
-7.6805e-01,-0.061,-0.053
-7.6037e-01,-0.061,-0.071
-7.5269e-01,-0.057,-0.051
-7.4501e-01,-0.059,-0.069
-7.3733e-01,-0.055,-0.051
-7.2965e-01,-0.059,-0.067
-7.2197e-01,-0.057,-0.049
-7.1429e-01,-0.059,-0.067
-7.0661e-01,-0.057,-0.047
-6.9892e-01,-0.055,-0.067
-6.9124e-01,-0.057,-0.045
-6.8356e-01,-0.055,-0.063
-6.7588e-01,-0.055,-0.041
-6.6820e-01,-0.053,-0.065
-6.6052e-01,-0.055,-0.045
-6.5284e-01,-0.049,-0.061
-6.4516e-01,-0.051,-0.045
-6.3748e-01,-0.049,-0.057
-6.2980e-01,-0.051,-0.043
-6.2212e-01,-0.051,-0.061
-6.1444e-01,-0.051,-0.039
-6.0676e-01,-0.049,-0.061
-5.9908e-01,-0.051,-0.039
-5.9140e-01,-0.049,-0.059
-5.8372e-01,-0.047,-0.037
-5.7604e-01,-0.047,-0.057
-5.6836e-01,-0.045,-0.035
-5.6068e-01,-0.045,-0.057
-5.5300e-01,-0.043,-0.037
-5.4531e-01,-0.045,-0.051
-5.3763e-01,-0.043,-0.031
-5.2995e-01,-0.043,-0.055
-5.2227e-01,-0.041,-0.035
-5.1459e-01,-0.039,-0.047
-5.0691e-01,-0.039,-0.031
-4.9923e-01,-0.041,-0.047
-4.9155e-01,-0.039,-0.031
-4.8387e-01,-0.039,-0.049
-4.7619e-01,-0.037,-0.029
-4.6851e-01,-0.037,-0.047
-4.6083e-01,-0.037,-0.029
-4.5315e-01,-0.035,-0.043
-4.4547e-01,-0.035,-0.031
-4.3779e-01,-0.033,-0.041
-4.3011e-01,-0.037,-0.025
-4.2243e-01,-0.035,-0.047
-4.1475e-01,-0.037,-0.025
-4.0707e-01,-0.033,-0.043
-3.9939e-01,-0.035,-0.025
-3.9171e-01,-0.035,-0.043
-3.8402e-01,-0.033,-0.023
-3.7634e-01,-0.031,-0.045
-3.6866e-01,-0.031,-0.023
-3.6098e-01,-0.033,-0.041
-3.5330e-01,-0.031,-0.021
-3.4562e-01,-0.033,-0.041
-3.3794e-01,-0.029,-0.023
-3.3026e-01,-0.029,-0.039
-3.2258e-01,-0.029,-0.019
-3.1490e-01,-0.029,-0.041
-3.0722e-01,-0.029,-0.021
-2.9954e-01,-0.029,-0.037
-2.9186e-01,-0.027,-0.021
-2.8418e-01,-0.025,-0.035
-2.7650e-01,-0.027,-0.017
-2.6882e-01,-0.029,-0.039
-2.6114e-01,-0.025,-0.015
-2.5346e-01,-0.025,-0.039
-2.4578e-01,-0.025,-0.019
-2.3810e-01,-0.025,-0.033
-2.3041e-01,-0.025,-0.017
-2.2273e-01,-0.023,-0.035
-2.1505e-01,-0.023,-0.017
-2.0737e-01,-0.025,-0.033
-1.9969e-01,-0.025,-0.017
-1.9201e-01,-0.025,-0.033
-1.8433e-01,-0.023,-0.015
-1.7665e-01,-0.023,-0.033
-1.6897e-01,-0.021,-0.015
-1.6129e-01,-0.021,-0.031
-1.5361e-01,-0.021,-0.013
-1.4593e-01,-0.021,-0.031
-1.3825e-01,-0.019,-0.011
-1.3057e-01,-0.021,-0.033
-1.2289e-01,-0.021,-0.015
-1.1521e-01,-0.021,-0.027
-1.0753e-01,-0.021,-0.011
-9.9846e-02,-0.021,-0.031
-9.2166e-02,-0.019,-0.013
-8.4485e-02,-0.019,-0.027
-7.6805e-02,-0.019,-0.009
-6.9124e-02,-0.019,-0.031
-6.1444e-02,-0.019,-0.011
-5.3763e-02,-0.017,-0.029
-4.6083e-02,-0.019,-0.013
-3.8402e-02,-0.019,-0.025
-3.0722e-02,-0.017,-0.011
-2.3041e-02,-0.017,-0.025
-1.5361e-02,-0.015,-0.007
-7.6805e-03,-0.019,-0.031
-1.7007e-13,-0.017,-0.005
7.6805e-03,-0.019,-0.029
1.5361e-02,-0.017,-0.007
2.3041e-02,-0.017,-0.029
3.0722e-02,-0.017,-0.009
3.8402e-02,-0.017,-0.027
4.6083e-02,-0.017,-0.005
5.3763e-02,-0.017,-0.029
6.1444e-02,-0.015,-0.007
6.9124e-02,-0.017,-0.027
7.6805e-02,-0.015,-0.005
8.4485e-02,-0.015,-0.027
9.2166e-02,-0.017,-0.007
9.9846e-02,-0.015,-0.025
1.0753e-01,-0.015,-0.003
1.1521e-01,-0.015,-0.025
1.2289e-01,-0.013,-0.007
1.3057e-01,-0.015,-0.023
1.3825e-01,-0.015,-0.003
1.4593e-01,-0.013,-0.025
1.5361e-01,-0.017,-0.009
1.6129e-01,-0.015,-0.021
1.6897e-01,-0.015,-0.003
1.7665e-01,-0.015,-0.027
1.8433e-01,-0.015,-0.005
1.9201e-01,-0.013,-0.023
1.9969e-01,-0.013,-0.003
2.0737e-01,-0.013,-0.023
2.1505e-01,-0.013,-0.003
2.2273e-01,-0.013,-0.025
2.3041e-01,-0.013,-0.005
2.3810e-01,-0.013,-0.023
2.4578e-01,-0.013,-0.003
2.5346e-01,-0.013,-0.023
2.6114e-01,-0.013,-0.001
2.6882e-01,-0.011,-0.025
2.7650e-01,-0.013,-0.007
2.8418e-01,-0.013,-0.021
2.9186e-01,-0.013,-0.001
2.9954e-01,-0.011,-0.021
3.0722e-01,-0.013,0.001
3.1490e-01,-0.011,-0.027
3.2258e-01,-0.011,-0.003
3.3026e-01,-0.009,-0.021
3.3794e-01,-0.011,-0.007
3.4562e-01,-0.013,-0.017
3.5330e-01,-0.013,-0.003
3.6098e-01,-0.011,-0.023
3.6866e-01,-0.011,-0.003
3.7634e-01,-0.011,-0.021
3.8402e-01,-0.009,0.001
3.9171e-01,-0.011,-0.025
3.9939e-01,-0.009,-0.003
4.0707e-01,-0.009,-0.021
4.1475e-01,-0.011,-0.003
4.2243e-01,-0.009,-0.019
4.3011e-01,-0.009,0.001
4.3779e-01,-0.011,-0.023
4.4547e-01,-0.009,-0.003
4.5315e-01,-0.011,-0.019
4.6083e-01,-0.011,-0.003
4.6851e-01,-0.009,-0.019
4.7619e-01,-0.011,-0.001
4.8387e-01,-0.011,-0.021
4.9155e-01,-0.009,0.003
4.9923e-01,-0.011,-0.023
5.0691e-01,-0.009,0.001
5.1459e-01,-0.009,-0.019
5.2227e-01,-0.009,0.001
5.2995e-01,-0.009,-0.023
5.3763e-01,-0.009,-0.005
5.4531e-01,-0.007,-0.015
5.5300e-01,-0.009,0.003
5.6068e-01,-0.011,-0.021
5.6836e-01,-0.009,0.001
5.7604e-01,-0.009,-0.023
5.8372e-01,-0.009,-0.003
5.9140e-01,-0.011,-0.019
5.9908e-01,-0.009,0.001
6.0676e-01,-0.009,-0.021
6.1444e-01,-0.009,-0.001
6.2212e-01,-0.009,-0.019
6.2980e-01,-0.011,-0.001
6.3748e-01,-0.009,-0.017
6.4516e-01,-0.009,0.001
6.5284e-01,-0.009,-0.019
6.6052e-01,-0.009,0.001
6.6820e-01,-0.009,-0.017
6.7588e-01,-0.009,-0.001
6.8356e-01,-0.009,-0.019
6.9124e-01,-0.011,-0.001
6.9892e-01,-0.009,-0.017
7.0661e-01,-0.009,-0.003
7.1429e-01,-0.009,-0.015
7.2197e-01,-0.009,0.005
7.2965e-01,-0.005,-0.021
7.3733e-01,-0.009,-0.003
7.4501e-01,-0.009,-0.015
7.5269e-01,-0.009,-0.003
7.6037e-01,-0.007,-0.017
7.6805e-01,-0.009,-0.001
7.7573e-01,-0.007,-0.017
7.8341e-01,-0.009,-0.001
7.9109e-01,-0.009,-0.017
7.9877e-01,-0.005,0.003
8.0645e-01,-0.009,-0.021
8.1413e-01,-0.009,0.003
8.2181e-01,-0.007,-0.019
8.2949e-01,-0.007,0.003
8.3717e-01,-0.009,-0.017
8.4485e-01,-0.007,0.001
8.5253e-01,-0.007,-0.019
8.6022e-01,-0.009,0.001
8.6790e-01,-0.007,-0.017
8.7558e-01,-0.007,0.001
8.8326e-01,-0.007,-0.017
8.9094e-01,-0.007,0.007
8.9862e-01,-0.009,-0.023
9.0630e-01,-0.005,0.003
9.1398e-01,-0.005,-0.019
9.2166e-01,-0.007,0.005
9.2934e-01,-0.007,-0.019
9.3702e-01,-0.007,-0.001
9.4470e-01,-0.007,-0.013
9.5238e-01,-0.007,0.003
9.6006e-01,-0.007,-0.017
9.6774e-01,-0.007,0.001
9.7542e-01,-0.007,-0.017
9.8310e-01,-0.009,0.001
9.9078e-01,-0.005,-0.015
9.9846e-01,-0.005,-0.001
1.0061e+00,-0.005,-0.015
1.0138e+00,-0.005,0.003
1.0215e+00,-0.007,-0.019
1.0292e+00,-0.005,0.001
1.0369e+00,-0.007,-0.015
1.0445e+00,-0.007,0.003
1.0522e+00,-0.005,-0.017
1.0599e+00,-0.007,0.001
1.0676e+00,-0.007,-0.015
1.0753e+00,-0.007,0.003
1.0829e+00,-0.007,-0.017
1.0906e+00,-0.007,0.001
1.0983e+00,-0.007,-0.017
1.1060e+00,-0.007,0.001
1.1137e+00,-0.009,-0.017
1.1214e+00,-0.005,-0.001
1.1290e+00,-0.007,-0.013
1.1367e+00,-0.007,0.001
1.1444e+00,-0.005,-0.019
1.1521e+00,-0.007,0.001
1.1598e+00,-0.005,-0.017
1.1674e+00,-0.007,0.005
1.1751e+00,-0.007,-0.019
1.1828e+00,-0.007,0.003
1.1905e+00,-0.007,-0.017
1.1982e+00,-0.007,0.003
1.2058e+00,-0.007,-0.019
1.2135e+00,-0.005,0.001
1.2212e+00,-0.007,-0.015
1.2289e+00,-0.007,0.001
1.2366e+00,-0.007,-0.015
1.2442e+00,-0.007,0.003
1.2519e+00,-0.007,-0.017
1.2596e+00,-0.007,0.003
1.2673e+00,-0.005,-0.015
1.2750e+00,-0.007,0.001
1.2826e+00,-0.005,-0.015
1.2903e+00,-0.005,0.005
1.2980e+00,-0.005,-0.019
1.3057e+00,-0.007,0.001
1.3134e+00,-0.007,-0.013
1.3210e+00,-0.009,-0.001
1.3287e+00,-0.007,-0.013
1.3364e+00,-0.005,0.003
1.3441e+00,-0.007,-0.019
1.3518e+00,-0.007,-0.001
1.3594e+00,-0.007,-0.013
1.3671e+00,-0.005,0.001
1.3748e+00,-0.007,-0.015
1.3825e+00,-0.005,0.003
1.3902e+00,-0.005,-0.013
1.3978e+00,-0.007,0.001
1.4055e+00,-0.007,-0.015
1.4132e+00,-0.005,0.003
1.4209e+00,-0.005,-0.017
1.4286e+00,-0.005,0.003
1.4363e+00,-0.005,-0.017
1.4439e+00,-0.007,0.009
1.4516e+00,-0.005,-0.021
1.4593e+00,-0.007,0.003
1.4670e+00,-0.005,-0.017
1.4747e+00,-0.005,0.003
1.4823e+00,-0.003,-0.015
1.4900e+00,-0.005,0.005
1.4977e+00,-0.007,-0.019
1.5054e+00,-0.007,0.001
1.5131e+00,-0.007,-0.017
1.5207e+00,-0.005,-0.001
1.5284e+00,-0.007,-0.013
1.5361e+00,-0.005,0.003
1.5438e+00,-0.005,-0.019
1.5515e+00,-0.005,0.005
1.5591e+00,-0.005,-0.017
1.5668e+00,-0.005,0.003
1.5745e+00,-0.005,-0.015
1.5822e+00,-0.005,0.003
1.5899e+00,-0.007,-0.015
1.5975e+00,-0.005,0.005
1.6052e+00,-0.007,-0.017
1.6129e+00,-0.005,0.005
1.6206e+00,-0.005,-0.015
1.6283e+00,-0.007,0.003
1.6359e+00,-0.005,-0.015
1.6436e+00,-0.005,0.001
1.6513e+00,-0.005,-0.015
1.6590e+00,-0.005,0.003
1.6667e+00,-0.003,-0.015
1.6743e+00,-0.005,0.001
1.6820e+00,-0.005,-0.013
1.6897e+00,-0.005,0.001
1.6974e+00,-0.005,-0.015
1.7051e+00,-0.003,0.005
1.7127e+00,-0.005,-0.015
1.7204e+00,-0.007,0.001
1.7281e+00,-0.005,-0.011
1.7358e+00,-0.005,0.003
1.7435e+00,-0.005,-0.017
1.7512e+00,-0.005,0.003
1.7588e+00,-0.005,-0.015
1.7665e+00,-0.007,0.003
1.7742e+00,-0.003,-0.015
1.7819e+00,-0.005,0.003
1.7896e+00,-0.005,-0.015
1.7972e+00,-0.005,0.001
1.8049e+00,-0.005,-0.013
1.8126e+00,-0.003,0.007
1.8203e+00,-0.005,-0.019
1.8280e+00,-0.005,0.003
1.8356e+00,-0.003,-0.013
1.8433e+00,-0.005,0.003
1.8510e+00,-0.003,-0.013
1.8587e+00,-0.005,0.003
1.8664e+00,-0.005,-0.015
1.8740e+00,-0.005,0.003
1.8817e+00,-0.005,-0.015
1.8894e+00,-0.005,0.005
1.8971e+00,-0.005,-0.015
1.9048e+00,-0.005,0.003
1.9124e+00,-0.003,-0.013
1.9201e+00,-0.005,0.003
1.9278e+00,-0.005,-0.017
1.9355e+00,-0.003,0.005
1.9432e+00,-0.005,-0.015
1.9508e+00,-0.003,0.001
1.9585e+00,-0.005,-0.013
1.9662e+00,-0.005,0.005
1.9739e+00,-0.005,-0.015
1.9816e+00,-0.005,0.003
1.9892e+00,-0.005,-0.013
1.9969e+00,-0.003,0.003
2.0046e+00,-0.007,-0.013
2.0123e+00,-0.005,0.005
2.0200e+00,-0.003,-0.017
2.0276e+00,-0.003,0.003
2.0353e+00,-0.005,-0.015
2.0430e+00,-0.007,0.003
2.0507e+00,-0.005,-0.015
2.0584e+00,-0.007,0.007
2.0661e+00,-0.005,-0.017
2.0737e+00,-0.005,0.007
2.0814e+00,-0.005,-0.015
2.0891e+00,-0.003,0.005
2.0968e+00,-0.005,-0.017
2.1045e+00,-0.005,0.001
2.1121e+00,-0.003,-0.011
2.1198e+00,-0.005,0.005
2.1275e+00,-0.005,-0.015
2.1352e+00,-0.005,0.007
2.1429e+00,-0.003,-0.015
2.1505e+00,-0.003,0.003
2.1582e+00,-0.003,-0.013
2.1659e+00,-0.003,0.005
2.1736e+00,-0.005,-0.017
2.1813e+00,-0.007,0.005
2.1889e+00,-0.007,-0.017
2.1966e+00,-0.005,0.001
2.2043e+00,-0.005,-0.013
2.2120e+00,-0.007,0.007
2.2197e+00,-0.003,-0.017
2.2273e+00,-0.003,0.003
2.2350e+00,-0.005,-0.013
2.2427e+00,-0.005,0.009
2.2504e+00,-0.005,-0.021
2.2581e+00,-0.005,0.007
2.2657e+00,-0.003,-0.015
2.2734e+00,-0.005,0.005
2.2811e+00,-0.005,-0.015
2.2888e+00,-0.005,0.001
2.2965e+00,-0.003,-0.013
2.3041e+00,-0.007,0.001
2.3118e+00,-0.005,-0.011
2.3195e+00,-0.007,0.005
2.3272e+00,-0.005,-0.015
2.3349e+00,-0.005,0.003
2.3425e+00,-0.005,-0.017
2.3502e+00,-0.003,0.007
2.3579e+00,-0.003,-0.015
2.3656e+00,-0.003,0.005
2.3733e+00,-0.005,-0.015
2.3810e+00,-0.003,0.013
2.3886e+00,-0.005,-0.023
2.3963e+00,-0.005,0.001
2.4040e+00,-0.005,-0.013
2.4117e+00,-0.005,0.001
2.4194e+00,-0.003,-0.015
2.4270e+00,-0.003,0.003
2.4347e+00,-0.005,-0.015
2.4424e+00,-0.003,0.003
2.4501e+00,-0.003,-0.013
2.4578e+00,-0.005,0.001
2.4654e+00,-0.005,-0.011
2.4731e+00,-0.003,0.007
2.4808e+00,-0.003,-0.017
2.4885e+00,-0.005,0.003
2.4962e+00,-0.005,-0.015
2.5038e+00,-0.003,0.001
2.5115e+00,-0.005,-0.011
2.5192e+00,-0.003,0.005
2.5269e+00,-0.003,-0.017
2.5346e+00,-0.003,0.003
2.5422e+00,-0.003,-0.013
2.5499e+00,-0.005,0.001
2.5576e+00,-0.003,-0.011
2.5653e+00,-0.003,0.007
2.5730e+00,-0.005,-0.015
2.5806e+00,-0.003,0.009
2.5883e+00,-0.005,-0.019
2.5960e+00,-0.003,0.003
2.6037e+00,-0.005,-0.013
2.6114e+00,-0.005,0.005
2.6190e+00,-0.005,-0.015
2.6267e+00,-0.003,0.001
2.6344e+00,-0.005,-0.011
2.6421e+00,-0.003,0.001
2.6498e+00,-0.003,-0.013
2.6575e+00,-0.005,0.005
2.6651e+00,-0.003,-0.015
2.6728e+00,-0.003,0.003
2.6805e+00,-0.005,-0.013
2.6882e+00,-0.005,0.001
2.6959e+00,-0.005,-0.011
2.7035e+00,-0.005,0.005
2.7112e+00,-0.005,-0.013
2.7189e+00,-0.005,0.003
2.7266e+00,-0.005,-0.015
2.7343e+00,-0.003,0.005
2.7419e+00,-0.005,-0.015
2.7496e+00,-0.005,0.003
2.7573e+00,-0.005,-0.015
2.7650e+00,-0.003,0.003
2.7727e+00,-0.003,-0.015
2.7803e+00,-0.003,0.003
2.7880e+00,-0.001,-0.013
2.7957e+00,-0.005,0.001
2.8034e+00,-0.005,-0.013
2.8111e+00,-0.005,0.005
2.8187e+00,-0.005,-0.015
2.8264e+00,-0.003,0.005
2.8341e+00,-0.005,-0.015
2.8418e+00,-0.003,0.003
2.8495e+00,-0.003,-0.013
2.8571e+00,-0.005,0.009
2.8648e+00,-0.005,-0.019
2.8725e+00,-0.005,0.005
2.8802e+00,-0.003,-0.013
2.8879e+00,-0.003,0.001
2.8955e+00,-0.005,-0.011
2.9032e+00,-0.005,0.001
2.9109e+00,-0.003,-0.011
2.9186e+00,-0.003,0.005
2.9263e+00,-0.007,-0.015
2.9339e+00,-0.005,0.007
2.9416e+00,-0.005,-0.015
2.9493e+00,-0.003,0.003
2.9570e+00,-0.005,-0.011
2.9647e+00,-0.005,0.001
2.9724e+00,-0.005,-0.013
2.9800e+00,-0.005,0.005
2.9877e+00,-0.005,-0.015
2.9954e+00,-0.005,0.003
3.0031e+00,-0.005,-0.011
3.0108e+00,-0.003,0.003
3.0184e+00,-0.007,-0.013
3.0261e+00,-0.003,0.005
3.0338e+00,-0.005,-0.013
3.0415e+00,-0.003,0.009
3.0492e+00,-0.003,-0.015
3.0568e+00,-0.005,0.005
3.0645e+00,-0.005,-0.015
3.0722e+00,-0.005,0.005
3.0799e+00,-0.003,-0.015
3.0876e+00,-0.005,0.001
3.0952e+00,-0.003,-0.011
3.1029e+00,-0.003,0.003
3.1106e+00,-0.005,-0.015
3.1183e+00,-0.003,0.003
3.1260e+00,-0.005,-0.015
3.1336e+00,-0.005,0.005
3.1413e+00,-0.005,-0.013
3.1490e+00,-0.005,0.005
3.1567e+00,-0.005,-0.015
3.1644e+00,-0.005,0.009
3.1720e+00,-0.007,-0.019
3.1797e+00,-0.005,0.007
3.1874e+00,-0.005,-0.019
3.1951e+00,-0.003,0.003
3.2028e+00,-0.005,-0.013
3.2104e+00,-0.005,0.005
3.2181e+00,-0.003,-0.015
3.2258e+00,-0.005,0.005
3.2335e+00,-0.005,-0.017
3.2412e+00,-0.003,0.003
3.2488e+00,-0.005,-0.013
3.2565e+00,-0.003,0.005
3.2642e+00,-0.005,-0.017
3.2719e+00,-0.003,0.005
3.2796e+00,-0.005,-0.013
3.2873e+00,-0.003,0.001
3.2949e+00,-0.005,-0.011
3.3026e+00,-0.003,0.003
3.3103e+00,-0.005,-0.013
3.3180e+00,-0.005,0.005
3.3257e+00,-0.003,-0.015
3.3333e+00,-0.007,0.003
3.3410e+00,-0.003,-0.013
3.3487e+00,-0.003,0.005
3.3564e+00,-0.005,-0.015
3.3641e+00,-0.003,0.007
3.3717e+00,-0.003,-0.015
3.3794e+00,-0.005,0.001
3.3871e+00,-0.003,-0.013
3.3948e+00,-0.003,0.005
3.4025e+00,-0.003,-0.013
3.4101e+00,-0.007,0.005
3.4178e+00,-0.005,-0.013
3.4255e+00,-0.003,0.001
3.4332e+00,-0.005,-0.015
3.4409e+00,-0.003,0.005
3.4485e+00,-0.003,-0.013
3.4562e+00,-0.003,0.003
3.4639e+00,-0.005,-0.013
3.4716e+00,-0.005,0.007
3.4793e+00,-0.007,-0.015
3.4869e+00,-0.005,0.001
3.4946e+00,-0.005,-0.011
3.5023e+00,-0.005,0.005
3.5100e+00,-0.005,-0.015
3.5177e+00,-0.005,0.005
3.5253e+00,-0.005,-0.015
3.5330e+00,-0.003,0.007
3.5407e+00,-0.005,-0.013
3.5484e+00,-0.005,0.005
3.5561e+00,-0.003,-0.015
3.5637e+00,-0.005,0.003
3.5714e+00,-0.005,-0.013
3.5791e+00,-0.005,0.005
3.5868e+00,-0.005,-0.015
3.5945e+00,-0.005,0.003
3.6022e+00,-0.005,-0.013
3.6098e+00,-0.003,0.003
3.6175e+00,-0.005,-0.013
3.6252e+00,-0.003,0.005
3.6329e+00,-0.005,-0.015
3.6406e+00,-0.005,0.003
3.6482e+00,-0.005,-0.013
3.6559e+00,-0.003,0.001
3.6636e+00,-0.003,-0.011
3.6713e+00,-0.005,0.001
3.6790e+00,-0.005,-0.011
3.6866e+00,-0.005,0.003
3.6943e+00,-0.005,-0.013
3.7020e+00,-0.005,0.007
3.7097e+00,-0.005,-0.017
3.7174e+00,-0.003,0.003
3.7250e+00,-0.003,-0.013
3.7327e+00,-0.005,0.003
3.7404e+00,-0.005,-0.015
3.7481e+00,-0.005,0.001
3.7558e+00,-0.005,-0.013
3.7634e+00,-0.005,0.007
3.7711e+00,-0.003,-0.017
3.7788e+00,-0.005,0.005
3.7865e+00,-0.003,-0.013
3.7942e+00,-0.003,0.005
3.8018e+00,-0.005,-0.013
3.8095e+00,-0.003,0.003
3.8172e+00,-0.005,-0.015
3.8249e+00,-0.003,0.007
3.8326e+00,-0.007,-0.019
3.8402e+00,-0.003,0.003
3.8479e+00,-0.001,-0.013
3.8556e+00,-0.005,0.009
3.8633e+00,-0.005,-0.017
3.8710e+00,-0.005,0.003
3.8786e+00,-0.003,-0.011
3.8863e+00,-0.003,0.007
3.8940e+00,-0.003,-0.015
3.9017e+00,-0.005,0.003
3.9094e+00,-0.007,-0.013
3.9171e+00,-0.003,0.003
3.9247e+00,-0.001,-0.013
3.9324e+00,-0.003,0.001
3.9401e+00,-0.003,-0.013
3.9478e+00,-0.005,0.005
3.9555e+00,-0.005,-0.019
3.9631e+00,-0.005,0.003
3.9708e+00,-0.003,-0.013
3.9785e+00,-0.003,0.003
3.9862e+00,-0.003,-0.013
3.9939e+00,-0.003,0.003
4.0015e+00,-0.003,-0.013
4.0092e+00,-0.003,0.005
4.0169e+00,-0.005,-0.013
4.0246e+00,-0.005,0.005
4.0323e+00,-0.007,-0.015
4.0399e+00,-0.003,0.013
4.0476e+00,-0.003,-0.021
4.0553e+00,-0.003,0.005
4.0630e+00,-0.005,-0.017
4.0707e+00,-0.005,0.003
4.0783e+00,-0.007,-0.011
4.0860e+00,-0.003,0.005
4.0937e+00,-0.005,-0.013
4.1014e+00,-0.003,0.003
4.1091e+00,-0.005,-0.011
4.1167e+00,-0.001,0.005
4.1244e+00,-0.005,-0.015
4.1321e+00,-0.005,0.005
4.1398e+00,-0.003,-0.015
4.1475e+00,-0.005,0.003
4.1551e+00,-0.003,-0.015
4.1628e+00,-0.003,0.003
4.1705e+00,-0.003,-0.013
4.1782e+00,-0.005,0.007
4.1859e+00,-0.003,-0.015
4.1935e+00,-0.005,0.007
4.2012e+00,-0.003,-0.015
4.2089e+00,-0.003,0.003
4.2166e+00,-0.003,-0.015
4.2243e+00,-0.005,0.005
4.2320e+00,-0.003,-0.013
4.2396e+00,-0.005,0.005
4.2473e+00,-0.003,-0.015
4.2550e+00,-0.003,0.005
4.2627e+00,-0.003,-0.015
4.2704e+00,-0.003,0.001
4.2780e+00,-0.003,-0.011
4.2857e+00,-0.005,0.005
4.2934e+00,-0.005,-0.013
4.3011e+00,-0.007,0.003
4.3088e+00,-0.005,-0.015
4.3164e+00,-0.005,0.007
4.3241e+00,-0.003,-0.015
4.3318e+00,-0.005,0.007
4.3395e+00,-0.005,-0.017
4.3472e+00,-0.003,0.005
4.3548e+00,-0.005,-0.015
4.3625e+00,-0.005,0.005
4.3702e+00,-0.005,-0.015
4.3779e+00,-0.003,0.009
4.3856e+00,-0.003,-0.017
4.3932e+00,-0.003,0.007
4.4009e+00,-0.005,-0.015
4.4086e+00,-0.005,0.003
4.4163e+00,-0.003,-0.015
4.4240e+00,-0.005,0.007
4.4316e+00,-0.005,-0.015
4.4393e+00,-0.003,0.003
4.4470e+00,-0.003,-0.015
4.4547e+00,-0.003,0.001
4.4624e+00,-0.001,-0.011
4.4700e+00,-0.003,0.005
4.4777e+00,-0.003,-0.013
4.4854e+00,-0.005,0.007
4.4931e+00,-0.005,-0.017
4.5008e+00,-0.005,0.005
4.5084e+00,-0.005,-0.015
4.5161e+00,-0.003,0.005
4.5238e+00,-0.003,-0.017
4.5315e+00,-0.003,0.003
4.5392e+00,-0.005,-0.013
4.5469e+00,-0.003,0.003
4.5545e+00,-0.005,-0.013
4.5622e+00,-0.005,0.005
4.5699e+00,-0.005,-0.015
4.5776e+00,-0.003,0.005
4.5853e+00,-0.005,-0.013
4.5929e+00,-0.003,0.001
4.6006e+00,-0.003,-0.011
4.6083e+00,-0.003,0.005
4.6160e+00,-0.003,-0.015
4.6237e+00,-0.003,0.005
4.6313e+00,-0.005,-0.015
4.6390e+00,-0.005,0.003
4.6467e+00,-0.003,-0.013
4.6544e+00,-0.005,0.001
4.6621e+00,-0.003,-0.011
4.6697e+00,-0.005,0.003
4.6774e+00,-0.003,-0.013
4.6851e+00,-0.005,0.001
4.6928e+00,-0.005,-0.011
4.7005e+00,-0.003,0.003
4.7081e+00,-0.003,-0.013
4.7158e+00,-0.003,0.005
4.7235e+00,-0.003,-0.013
4.7312e+00,-0.003,0.003
4.7389e+00,-0.003,-0.013
4.7465e+00,-0.003,0.007
4.7542e+00,-0.005,-0.015
4.7619e+00,-0.005,0.003
4.7696e+00,-0.005,-0.011
4.7773e+00,-0.005,0.007
4.7849e+00,-0.003,-0.017
4.7926e+00,-0.005,0.005
4.8003e+00,-0.005,-0.013
4.8080e+00,-0.003,0.001
4.8157e+00,-0.005,-0.011
4.8233e+00,-0.005,0.005
4.8310e+00,-0.005,-0.015
4.8387e+00,-0.005,0.007
4.8464e+00,-0.005,-0.017
4.8541e+00,-0.005,0.001
4.8618e+00,-0.003,-0.011
4.8694e+00,-0.003,0.003
4.8771e+00,-0.005,-0.013
4.8848e+00,-0.003,0.003
4.8925e+00,-0.005,-0.013
4.9002e+00,-0.005,0.003
4.9078e+00,-0.005,-0.013
4.9155e+00,-0.005,0.003
4.9232e+00,-0.005,-0.013
4.9309e+00,-0.003,0.003
4.9386e+00,-0.005,-0.013
4.9462e+00,-0.005,0.003
4.9539e+00,-0.005,-0.013
4.9616e+00,-0.003,0.003
4.9693e+00,-0.003,-0.013
4.9770e+00,-0.005,0.007
4.9846e+00,-0.005,-0.017
4.9923e+00,-0.003,0.007
5.0000e+00,-0.003,-0.017
5.0077e+00,-0.005,0.007
5.0154e+00,-0.005,-0.015
5.0230e+00,-0.003,0.003
5.0307e+00,-0.003,-0.015
5.0384e+00,-0.005,0.001
5.0461e+00,-0.003,-0.013
5.0538e+00,-0.005,0.001
5.0614e+00,-0.003,-0.011
5.0691e+00,-0.005,0.003
5.0768e+00,-0.005,-0.015
5.0845e+00,-0.003,0.003
5.0922e+00,-0.005,-0.013
5.0998e+00,-0.005,0.005
5.1075e+00,-0.003,-0.015
5.1152e+00,-0.005,0.003
5.1229e+00,-0.005,-0.013
5.1306e+00,-0.003,0.003
5.1382e+00,-0.003,-0.013
5.1459e+00,-0.005,0.001
5.1536e+00,-0.005,-0.013
5.1613e+00,-0.005,0.003
5.1690e+00,-0.005,-0.013
5.1767e+00,-0.001,0.005
5.1843e+00,-0.003,-0.015
5.1920e+00,-0.003,0.009
5.1997e+00,-0.003,-0.019
5.2074e+00,-0.005,0.005
5.2151e+00,-0.005,-0.017
5.2227e+00,-0.003,0.007
5.2304e+00,-0.005,-0.017
5.2381e+00,-0.005,0.001
5.2458e+00,-0.003,-0.011
5.2535e+00,-0.003,0.005
5.2611e+00,-0.003,-0.015
5.2688e+00,-0.005,0.009
5.2765e+00,-0.003,-0.017
5.2842e+00,-0.007,0.005
5.2919e+00,-0.003,-0.019
5.2995e+00,-0.005,0.005
5.3072e+00,-0.005,-0.017
5.3149e+00,-0.005,0.001
5.3226e+00,-0.003,-0.013
5.3303e+00,-0.005,0.007
5.3379e+00,-0.005,-0.019
5.3456e+00,-0.003,0.005
5.3533e+00,-0.003,-0.015
5.3610e+00,-0.005,0.005
5.3687e+00,-0.007,-0.019
5.3763e+00,-0.005,0.001
5.3840e+00,-0.007,-0.013
5.3917e+00,-0.005,0.003
5.3994e+00,-0.003,-0.013
5.4071e+00,-0.005,0.003
5.4147e+00,-0.005,-0.013
5.4224e+00,-0.005,0.005
5.4301e+00,-0.005,-0.015
5.4378e+00,-0.005,0.001
5.4455e+00,-0.005,-0.011
5.4531e+00,-0.005,0.003
5.4608e+00,-0.003,-0.013
5.4685e+00,-0.005,0.003
5.4762e+00,-0.003,-0.015
5.4839e+00,-0.005,0.003
5.4916e+00,-0.005,-0.015
5.4992e+00,-0.003,0.003
5.5069e+00,-0.005,-0.013
5.5146e+00,-0.003,0.003
5.5223e+00,-0.007,-0.015
5.5300e+00,-0.005,0.007
5.5376e+00,-0.003,-0.015
5.5453e+00,-0.005,0.005
5.5530e+00,-0.005,-0.017
5.5607e+00,-0.005,0.001
5.5684e+00,-0.005,-0.013
5.5760e+00,-0.007,0.003
5.5837e+00,-0.003,-0.015
5.5914e+00,-0.003,0.003
5.5991e+00,-0.005,-0.015
5.6068e+00,-0.005,0.003
5.6144e+00,-0.005,-0.015
5.6221e+00,-0.003,0.003
5.6298e+00,-0.005,-0.015
5.6375e+00,-0.005,0.001
5.6452e+00,-0.005,-0.011
5.6528e+00,-0.007,0.005
5.6605e+00,-0.005,-0.015
5.6682e+00,-0.003,0.005
5.6759e+00,-0.003,-0.015
5.6836e+00,-0.007,0.003
5.6912e+00,-0.003,-0.013
5.6989e+00,-0.005,0.007
5.7066e+00,-0.005,-0.017
5.7143e+00,-0.003,0.003
5.7220e+00,-0.005,-0.015
5.7296e+00,-0.003,0.005
5.7373e+00,-0.005,-0.017
5.7450e+00,-0.007,0.003
5.7527e+00,-0.003,-0.015
5.7604e+00,-0.005,0.005
5.7680e+00,-0.005,-0.017
5.7757e+00,-0.005,0.007
5.7834e+00,-0.005,-0.017
5.7911e+00,-0.005,0.003
5.7988e+00,-0.003,-0.015
5.8065e+00,-0.003,0.003
5.8141e+00,-0.005,-0.015
5.8218e+00,-0.005,0.003
5.8295e+00,-0.007,-0.013
5.8372e+00,-0.005,0.001
5.8449e+00,-0.005,-0.011
5.8525e+00,-0.007,0.003
5.8602e+00,-0.005,-0.013
5.8679e+00,-0.003,0.003
5.8756e+00,-0.005,-0.017
5.8833e+00,-0.005,0.003
5.8909e+00,-0.005,-0.015
5.8986e+00,-0.007,0.003
5.9063e+00,-0.005,-0.015
5.9140e+00,-0.007,0.003
5.9217e+00,-0.003,-0.015
5.9293e+00,-0.005,0.005
5.9370e+00,-0.005,-0.015
5.9447e+00,-0.003,0.003
5.9524e+00,-0.005,-0.015
5.9601e+00,-0.005,0.007
5.9677e+00,-0.005,-0.017
5.9754e+00,-0.005,0.005
5.9831e+00,-0.005,-0.019
5.9908e+00,-0.005,0.007
5.9985e+00,-0.003,-0.017
6.0061e+00,-0.003,0.003
6.0138e+00,-0.005,-0.013
6.0215e+00,-0.005,0.001
6.0292e+00,-0.007,-0.011
6.0369e+00,-0.007,0.005
6.0445e+00,-0.005,-0.015
6.0522e+00,-0.005,0.003
6.0599e+00,-0.005,-0.015
6.0676e+00,-0.005,0.005
6.0753e+00,-0.003,-0.015
6.0829e+00,-0.005,0.005
6.0906e+00,-0.005,-0.015
6.0983e+00,-0.005,0.003
6.1060e+00,-0.003,-0.015
6.1137e+00,-0.003,0.001
6.1214e+00,-0.005,-0.011
6.1290e+00,-0.005,0.001
6.1367e+00,-0.005,-0.013
6.1444e+00,-0.005,0.007
6.1521e+00,-0.005,-0.017
6.1598e+00,-0.005,0.003
6.1674e+00,-0.005,-0.011
6.1751e+00,-0.005,0.003
6.1828e+00,-0.005,-0.015
6.1905e+00,-0.005,0.003
6.1982e+00,-0.005,-0.013
6.2058e+00,-0.003,0.003
6.2135e+00,-0.003,-0.013
6.2212e+00,-0.007,0.001
6.2289e+00,-0.003,-0.011
6.2366e+00,-0.005,0.001
6.2442e+00,-0.005,-0.013
6.2519e+00,-0.005,0.003
6.2596e+00,-0.003,-0.015
6.2673e+00,-0.005,0.003
6.2750e+00,-0.005,-0.015
6.2826e+00,-0.003,0.003
6.2903e+00,-0.005,-0.013
6.2980e+00,-0.005,0.003
6.3057e+00,-0.005,-0.015
6.3134e+00,-0.005,0.005
6.3210e+00,-0.003,-0.015
6.3287e+00,-0.005,0.003
6.3364e+00,-0.005,-0.013
6.3441e+00,-0.005,0.003
6.3518e+00,-0.003,-0.015
6.3594e+00,-0.003,0.009
6.3671e+00,-0.007,-0.019
6.3748e+00,-0.005,0.003
6.3825e+00,-0.005,-0.015
6.3902e+00,-0.005,0.003
6.3978e+00,-0.005,-0.015
6.4055e+00,-0.005,0.003
6.4132e+00,-0.003,-0.015
6.4209e+00,-0.003,0.001
6.4286e+00,-0.005,-0.011
6.4363e+00,-0.003,0.003
6.4439e+00,-0.005,-0.015
6.4516e+00,-0.005,0.003
6.4593e+00,-0.003,-0.013
6.4670e+00,-0.005,0.003
6.4747e+00,-0.005,-0.013
6.4823e+00,-0.005,0.009
6.4900e+00,-0.005,-0.019
6.4977e+00,-0.003,0.007
6.5054e+00,-0.003,-0.015
6.5131e+00,-0.003,0.003
6.5207e+00,-0.003,-0.013
6.5284e+00,-0.003,0.003
6.5361e+00,-0.003,-0.011
6.5438e+00,-0.005,0.003
6.5515e+00,-0.003,-0.013
6.5591e+00,-0.005,0.003
6.5668e+00,-0.003,-0.015
6.5745e+00,-0.005,0.001
6.5822e+00,-0.003,-0.013
6.5899e+00,-0.003,0.005
6.5975e+00,-0.005,-0.017
6.6052e+00,-0.007,0.001
6.6129e+00,-0.005,-0.011
6.6206e+00,-0.005,0.003
6.6283e+00,-0.005,-0.013
6.6359e+00,-0.005,0.005
6.6436e+00,-0.005,-0.015
6.6513e+00,-0.003,0.007
6.6590e+00,-0.005,-0.017
6.6667e+00,-0.005,0.007
6.6743e+00,-0.005,-0.017
6.6820e+00,-0.007,0.005
6.6897e+00,-0.003,-0.017
6.6974e+00,-0.005,0.003
6.7051e+00,-0.003,-0.013
6.7127e+00,-0.005,0.005
6.7204e+00,-0.005,-0.017
6.7281e+00,-0.005,0.003
6.7358e+00,-0.005,-0.015
6.7435e+00,-0.005,0.003
6.7512e+00,-0.003,-0.015
6.7588e+00,-0.003,0.003
6.7665e+00,-0.005,-0.013
6.7742e+00,-0.003,0.005
6.7819e+00,-0.003,-0.015
6.7896e+00,-0.005,0.003
6.7972e+00,-0.005,-0.015
6.8049e+00,-0.005,0.001
6.8126e+00,-0.005,-0.011
6.8203e+00,-0.003,0.005

